Id,mpn,title,link,category,fb_product_category,condition,image_link,brand,sale_price,price,inventory,description,availability
104730,07-137,Τρίκυκλο ποδηλατάκι Pilsan 07-137,https://kidstoys.gr/product/trikyklo-podilataki-pilsan-07-137/,ΠΑΙΔΙΚΑ ΤΡΙΚΥΚΛΑ,41,new,https://kidstoys.gr/wp-content/uploads/sites/7/2021/02/07-137-a.jpg,Pilsan,28.90,43.90,10,"Παιδικό Τρίκυκλο Ποδηλατάκι Pilsan 07-137

Κατασκευασμένο από υψηλής ποιότητας πλαστικό. Ανθεκτικό στις καιρικές συνθήκες.
Κατάλληλο για χρήση από παιδιά 3 ετών.
Πατενταρισμένος ειδικός σχεδιασμός για γονικό έλεγχο.
Μηχανικό σύστημα που διασφαλίζει ότι τα πετάλια δεν περιστρέφονται κατά τη διάρκεια του γονικού ελέγχου.
Άνετος και εργονομικός σχεδιασμός.
Δυνατότητα ελέγχου δεξιού / αριστερού χεριού
Κομψή εμφάνιση
Με καλάθι
Μέγιστο βάρος: 30kg.

 
",in stock
104524,07-314-R,Παιδικό Τρακτέρ Με Πεντάλ Κόκκινο Pilsan 07-314,https://kidstoys.gr/product/pediko-trakter-me-pental-kokkino-pilsan-07-314/,ΠΑΙΔΙΚΑ ΟΧΗΜΑΤΑ,41,new,https://kidstoys.gr/wp-content/uploads/sites/7/2021/01/red_1_f8rb-9s.jpg,Pilsan,48.90,98.90,35,"Παιδικό Τρακτέρ Με Πεντάλ Κόκκινο Pilsan 07-314

Κατάλληλο για χρήση από παιδιά 3+ ετών.
Κατάλληλο για χρήση από παιδιά έως 50kg.
Διαθέτει τιμόνι για έλεγχο της διαδρομής,
 Διαθέτει πηδάλια για τον απόλυτο έλεγχο της ταχύτητας
Διαστάσεις προϊόντος :51x95x51cm.
Ύψος (οταν το πηδάλι είναι κάτω):32 εκ. (από τη γωνία του καθίσματος)
(οταν το πηδάλι είναι πάτω):27 εκ. (από τη γωνία του καθίσματος)

",in stock
104495,07-303,Happy Herby Pedal Αυτοκινητάκι Pilsan 07-303,https://kidstoys.gr/product/happy-herby-pedal-aftokinitaki-pilsan-07-303/,ΠΑΙΔΙΚΑ ΟΧΗΜΑΤΑ,41,new,https://kidstoys.gr/wp-content/uploads/sites/7/2021/01/07-303.jpg,Pilsan,24.90,38.90,23,"Happy Herby Pedal Αυτοκινητάκι Pilsan 07-303

Κατασκευασμένο από υψηλής ποιότητας πλαστικό. Ανθεκτικό στις καιρικές συνθήκες.
Κατάλληλο για χρήση από παιδιά 3 ετών.
Αποσπώμενο τιμόνι
Με Πεντάλ
Άνετος και εργονομικός σχεδιασμός.
Με κόρνα
Κομψή εμφάνιση
Μέγιστο βάρος: 35kg.

Με πρώτες ύλες που δεν περιέχουν καρκινογόνες ουσίες, κατάλληλες για την υγεία των παιδιών.
",in stock
104486,07-139,Τρίκυκλο ποδηλατάκι Pilsan 07-139,https://kidstoys.gr/product/trikyklo-podilataki-pilsan-07-139/,ΠΑΙΔΙΚΑ ΤΡΙΚΥΚΛΑ,41,new,https://kidstoys.gr/wp-content/uploads/sites/7/2021/01/07-139-a-1.jpg,Pilsan,23.90,38.90,10,"Παιδικό Τρίκυκλο Ποδηλατάκι Pilsan 07-139

Κατασκευασμένο από υψηλής ποιότητας πλαστικό. Ανθεκτικό στις καιρικές συνθήκες.
Κατάλληλο για χρήση από παιδιά 3 ετών.
Πατενταρισμένος ειδικός σχεδιασμός για γονικό έλεγχο τριών επιπέδων.
Μηχανικό σύστημα που διασφαλίζει ότι τα πετάλια δεν περιστρέφονται κατά τη διάρκεια του γονικού ελέγχου.
Άνετος και εργονομικός σχεδιασμός.
Δυνατότητα ελέγχου δεξιού / αριστερού χεριού
Κομψή εμφάνιση
Με καλάθι
Μέγιστο βάρος: 35kg.

https://www.pilsanstore.com/urun/kontrollu-pony-bisiklet
",in stock
104493,07-146,Τρίκυκλο ποδηλατάκι Pilsan 07-146,https://kidstoys.gr/product/trikyklo-podilataki-pilsan-07-146/,ΠΑΙΔΙΚΑ ΤΡΙΚΥΚΛΑ,41,new,https://kidstoys.gr/wp-content/uploads/sites/7/2021/01/07-146-a.jpg,Pilsan,17.90,38.90,10,"Παιδικό Τρίκυκλο Ποδηλατάκι Pilsan 07-146

Κατασκευασμένο από υψηλής ποιότητας πλαστικό. Ανθεκτικό στις καιρικές συνθήκες.
Κατάλληλο για χρήση από παιδιά 3 ετών.
Άνετος και εργονομικός σχεδιασμός.
Με πίσω καλάθι
Διαστάσεις: 59x46x48 см
Μέγιστο βάρος: 35kg.

",in stock
104475,06-437,Παιδικό Σπιτάκι Τύπου Πέτρινο Stone House Μοβ Pilsan 06-437,https://kidstoys.gr/product/pediko-spitaki-typou-petrino-stone-house-mov-pilsan-06-437/,ΠΑΙΔΙΚΕΣ ΧΑΡΕΣ,29,new,https://kidstoys.gr/wp-content/uploads/sites/7/2021/01/06-437.jpg,Pilsan,58.80,148.80,3,"Παιδικό Σπιτάκι Τύπου Πέτρινο Stone House Μπλε-Κόκκινο Pilsan 06-437

Κατάλληλο για ηλικίες από 3-8 ετών
Ιδανικό για ατελείωτο παιχνίδι στον κήπο
Από υψηλής ποιότητας πλαστικό
Διαστάσεις προϊόντος: 114 x 114 x 151cm

",in stock
104465,07-825,Παιδικό Ποδοκίνητο Αυτοκινητάκι Cute Car Κόκκινο Pilsan 07-825,https://kidstoys.gr/product/pediko-podokinito-aftokinitaki-cute-car-kokkino-pilsan-07-825/,ΠΑΙΔΙΚΑ ΟΧΗΜΑΤΑ,41,new,https://kidstoys.gr/wp-content/uploads/sites/7/2021/01/07-825.jpg,Pilsan,12.90,15.90,24,"Παιδικό Ποδοκίνητο Αυτοκινητάκι Cute Car Κόκκινο Pilsan 07-825

Κατάλληλο για χρήση από παιδιά άνω των 2 ετών.
Κατάλληλο για χρήση από παιδιά έως 20kg.
Με κόρνα
Διαστάσεις προϊόντος: 23 x 52.5 x 39.5

",in stock
104462,07-811,Παιδικό Πατίνι-Scooter Mini Scooter Ροζ Pilsan 07-811,https://kidstoys.gr/product/pediko-patini-scooter-mini-scooter-roz-pilsan-07-811/,ΠΑΙΔΙΚΑ ΟΧΗΜΑΤΑ,41,new,https://kidstoys.gr/wp-content/uploads/sites/7/2021/01/07-811.jpg,Pilsan,9.80,29.80,8,"Παιδικό Πατίνι-Scooter Mini Scooter Ροζ Pilsan 07-811

Κατάλληλο για χρήση από παιδιά άνω των 3 ετών.
Κατάλληλο για χρήση από παιδιά έως 20kg.
Με κόρνα
Διαστάσεις προϊόντος: 28.5 x 54 x 62.5

",in stock
104459,07-498,Καθισματάκι μωρού ροζ Pilsan 07-498,https://kidstoys.gr/product/kathismataki-morou-roz-pilsan-07-498/,ΒΡΕΦΙΚΑ-ΠΑΙΔΙΚΑ,0,new,https://kidstoys.gr/wp-content/uploads/sites/7/2021/01/07-498.jpg,Pilsan,34.90,44.90,9,"Καθισματάκι μωρού ροζ Pilsan 07-498
 
Ηλικία χρήσης 6-36 + μήνες
Μέγιστο βάρος 40 kg
Βάση μπιμπερό στο δίσκο
Ζώνη ασφαλείας τριών σημείων
Ελαφρύ και συμπαγές υλικό
Αντιολισθητικό πόδια
",in stock
104457,07-316-G,Παιδικό Τρακτέρ Με Πεντάλ και Καρότσα Πράσινο Pilsan 07-316,https://kidstoys.gr/product/pediko-trakter-me-pental-ke-karotsa-prasino-pilsan-07-316/,ΠΑΙΔΙΚΑ ΟΧΗΜΑΤΑ,41,new,https://kidstoys.gr/wp-content/uploads/sites/7/2021/01/07-316.jpg,Pilsan,57.79,108.80,4,"Παιδικό Τρακτέρ Με Πεντάλ και Καρότσα Πράσινο Pilsan 07-316

Κατάλληλο για παιδιά άνω των 3 ετών
Μέγιστο βάρος έως 50kg
Κάθισμα ρυθμιζόμενο σε διάφορες θέσεις
Τιμόνι, πεντάλ
Εργονομικός σχεδιασμός
Διαστάσεις προϊόντος: 95 x 51 x 51 εκ.

",in stock
104455,07-316,Παιδικό Τρακτέρ Με Πεντάλ και Καρότσα Κόκκινο Pilsan 07-316,https://kidstoys.gr/product/pediko-trakter-me-pental-ke-karotsa-kokkino-pilsan-07-316/,ΠΑΙΔΙΚΑ ΟΧΗΜΑΤΑ,41,new,https://kidstoys.gr/wp-content/uploads/sites/7/2021/01/pilsan_activepedal_tractor_07316-1000x1000.jpg,Pilsan,57.80,108.80,4,"Παιδικό Τρακτέρ Με Πεντάλ και Καρότσα Κόκκινο Pilsan 07-316

Κατάλληλο για παιδιά άνω των 3 ετών
Μέγιστο βάρος έως 50kg
Κάθισμα ρυθμιζόμενο σε διάφορες θέσεις
Τιμόνι, πεντάλ
Εργονομικός σχεδιασμός
Διαστάσεις προϊόντος: 95 x 51 x 51 εκ.

",in stock
104452,07-132,Τρίκυκλο ποδηλατάκι Pilsan 07-132,https://kidstoys.gr/product/trikyklo-podilataki-pilsan-07-132/,ΠΑΙΔΙΚΑ ΤΡΙΚΥΚΛΑ,41,new,https://kidstoys.gr/wp-content/uploads/sites/7/2021/01/07-132.jpg,Pilsan,24.90,44.90,12,"
Κατασκευασμένο από υψηλής ποιότητας πλαστικό. Ανθεκτικό στις καιρικές συνθήκες.
Κατάλληλο για χρήση από παιδιά 3 ετών.
Άνετος και εργονομικός σχεδιασμός.
Κόρνα
Διαστάσεις: 59x46x48 см
Μέγιστο βάρος: 35kg.

",in stock
104246,07-969,Παιδική Τσουλήθρα Climber Κόκκινο-Πράσινο Pilsan 07-969,https://kidstoys.gr/product/pediki-tsoulithra-climber-kokkino-prasino-pilsan-07-969/,ΠΑΙΔΙΚΕΣ ΤΣΟΥΛΗΘΡΕΣ,29,new,https://kidstoys.gr/wp-content/uploads/sites/7/2021/01/07-969.jpg,Pilsan,128.90,205.90,10,"Παιδική Τσουλήθρα Climber Κόκκινο-Πράσινο Pilsan 07-969

Κατάλληλο για χρήση από παιδιά άνω των 3 ετών.
Κατάλληλο για χρήση από παιδιά έως 35kg.
Βήματα Αναρρίχησης
Διαστάσεις προϊόντος: 76x 199.5 x 107
Διαστάσεις συσκευασίας 27.5x 168 x 70.5

",in stock
104243,07-968,Παιδική Κούνια σε κόκκινο χρώμα Pilsan 07-968,https://kidstoys.gr/product/pediki-kounia-se-kokkino-chroma-pilsan-07-968/,ΠΑΙΔΙΚΕΣ ΚΟΥΝΙΕΣ,29,new,https://kidstoys.gr/wp-content/uploads/sites/7/2021/01/07-968.jpg,Pilsan,41.99,97.90,172,"Παιδική Κούνια Pilsan σε κόκκινο χρώμα 07-968
Μεγάλη κούνια με δυνατότητα χρήσης σε εσωτερικό και εξωτερικό χώρο χάρη στα αντιολισθητικά στηρίγματα
Ειδικός σχεδιαμός ώστε να διαμορφώνεται ανάλογα με την ηλικία του παιδιού.
Διαθέτει ζώνη και μπάρα προστασίας για τα μικρότερα παιδιά.
Εύκολη εγκατάσταση
Ελαφριά εμφάνιση και εργονομική σχεδίαση
Mέγιστο βάρος 100 κιλά
",in stock
104241,07-963,Princess Castle Purple Pilsan 07-963,https://kidstoys.gr/product/princess-castle-purple-pilsan-07-963/,ΠΑΙΔΙΚΕΣ ΧΑΡΕΣ,29,new,https://kidstoys.gr/wp-content/uploads/sites/7/2021/01/07-963.jpg,Pilsan,187.90,233.90,5,"Παιδικό Κάστρο Castle Pilsan 07-963
Δυνατότητα χρήσης σε εσωτερικό και εξωτερικό χώρο
Εύκολη συναρμολόγηση
Ανθεκτικό και ασφαλές
Εργονομικός σχεδιασμός
*Διαστάσεις κάστρου: 125×129×168 εκ
",in stock
104238,07-912,Κουνιστό Αλογάκι Cute Horse Pilsan 07-912,https://kidstoys.gr/product/kounisto-alogaki-cute-horse-pilsan-07-912/,ΚΟΥΝΙΣΤΑ ΠΑΙΧΝΙΔΙΑ,41,new,https://kidstoys.gr/wp-content/uploads/sites/7/2021/01/07-912.jpg,Pilsan,23.90,35.90,10,"Κουνιστό Αλογάκι Cute Horse Pilsan 07-912

Κατάλληλο για χρήση από παιδιά άνω των 3 ετών.
Κατάλληλο για χρήση από παιδιά έως 35kg.
Κατασκευασμένο από 100% ασφαλή υλικά.
Διαστάσεις προϊόντος : 29,5x74x54cm.
Διαστάσεις συσκευασίας :23x63x51cm.

",in stock
104236,07-522,Κουνιστό Αλογάκι Duldul Horse Pilsan 07-522,https://kidstoys.gr/product/kounisto-alogaki-duldul-horse-pilsan-07-522/,ΚΟΥΝΙΣΤΑ ΠΑΙΧΝΙΔΙΑ,41,new,https://kidstoys.gr/wp-content/uploads/sites/7/2021/01/pilsan_duldulhorse_07522-1000x1000.jpg,Pilsan,28.90,45.90,5,"Κουνιστό Αλογάκι Duldul Horse Pilsan 07-522

Κατάλληλο για χρήση από παιδιά άνω των 3 ετών.
Κατάλληλο για χρήση από παιδιά έως 35kg.

",in stock
104234,07-315,Παιδικό Τρακτέρ Με Πεντάλ Κίτρινο Pilsan 07-315,https://kidstoys.gr/product/pediko-trakter-me-pental-kitrino-pilsan-07-315/,ΠΑΙΔΙΚΑ ΟΧΗΜΑΤΑ,41,new,https://kidstoys.gr/wp-content/uploads/sites/7/2021/01/pilsan_activepedal_tractor_07315-1000x1000.jpg,Pilsan,58.90,75.90,7,"Παιδικό Τρακτέρ Με Πεντάλ Κίτρινο Pilsan 07-315

Κατάλληλο για χρήση από παιδιά 3+ ετών
Κατάλληλο για χρήση από παιδιά έως 50kg
Διαθέτει τιμόνι για έλεγχο της διαδρομής
Διαθέτει πηδάλια για τον απόλυτο έλεγχο της ταχύτητας
Διαστάσεις προϊόντος: 51 x 125 x 51 cm

",in stock
104232,07-314,Παιδικό Τρακτέρ Με Πεντάλ Πράσινο Pilsan 07-314,https://kidstoys.gr/product/pediko-trakter-me-pental-prasino-pilsan-07-314/,ΠΑΙΔΙΚΑ ΟΧΗΜΑΤΑ,41,new,https://kidstoys.gr/wp-content/uploads/sites/7/2021/01/pilsan_activepedal_tractor_green_07314-1000x1000.jpg,Pilsan,48.87,98.90,69,"Παιδικό Τρακτέρ Με Πεντάλ Πράσινο Pilsan 07-314

Κατάλληλο για χρήση από παιδιά 3+ ετών.
Κατάλληλο για χρήση από παιδιά έως 50kg.
Διαθέτει τιμόνι για έλεγχο της διαδρομής,
 Διαθέτει πηδάλια για τον απόλυτο έλεγχο της ταχύτητας
Διαστάσεις προϊόντος :51x95x51cm.
Ύψος (οταν το πηδάλι είναι κάτω):32 εκ. (από τη γωνία του καθίσματος)
(οταν το πηδάλι είναι πάτω):27 εκ. (από τη γωνία του καθίσματος)

",in stock
104230,07-169,Παιδικό Τρίκυκλο Ποδηλατάκι Atom Μπλε-Κόκκινο Pilsan 07-169,https://kidstoys.gr/product/pediko-trikyklo-podilataki-atom-ble-kokkino-pilsan-07-169/,ΠΑΙΔΙΚΑ ΤΡΙΚΥΚΛΑ,41,new,https://kidstoys.gr/wp-content/uploads/sites/7/2021/01/pilsan_atomtricycle_07169-1000x1000.jpg,Pilsan,23.90,43.90,20,"Παιδικό Τρίκυκλο Ποδηλατάκι Atom Μπλε-Κόκκινο Pilsan 07-169

Το προϊόν είναι κατάλληλο για παιδιά άνω των 3 ετών.
Το προίόν περιέχει κουτί
Καλάθι εμπρός και πίσω.
Κατάλληλο για χρήση από παιδιά έως 35kg.

",in stock
104228,06-443,Παιδικό Σπιτάκι Με Φράχτη Τύπου Πέτρινο Μοβ Stone House with Fence Pilsan 06-443,https://kidstoys.gr/product/pediko-spitaki-me-frachti-typou-petrino-mov-stone-house-with-fence-pilsan-06-443/,ΠΑΙΔΙΚΕΣ ΧΑΡΕΣ,29,new,https://kidstoys.gr/wp-content/uploads/sites/7/2021/01/pilsan_stonehouse_withfence_purple_06443-1000x1000.jpg,Pilsan,98.90,168.90,4,"

Από υψηλής ποιότητας πλαστικό
Διαστάσεις προϊόντος:  114 x 114 x 151cm

",in stock
104221,06-437-B,Παιδικό Σπιτάκι Τύπου Πέτρινο Stone House Μπλε-Κόκκινο Pilsan 06-437,https://kidstoys.gr/product/pediko-spitaki-typou-petrino-stone-house-ble-kokkino-pilsan-06-437/,ΠΑΙΔΙΚΕΣ ΧΑΡΕΣ,29,new,https://kidstoys.gr/wp-content/uploads/sites/7/2021/01/pilsan_stonehoyse_bleu_red_06437-1000x1000.jpg,Pilsan,58.80,148.80,3,"Παιδικό Σπιτάκι Τύπου Πέτρινο Stone House Μπλε-Κόκκινο Pilsan 06-437

Κατάλληλο για ηλικίες από 3-8 ετών
Ιδανικό για ατελείωτο παιχνίδι στον κήπο
Από υψηλής ποιότητας πλαστικό
Διαστάσεις προϊόντος: 114 x 114 x 151cm

",in stock
104219,06-432,Παιδικό Σπιτάκι Με Τσουλήθρα Μπλε-Κόκκινο Pilsan 06-432,https://kidstoys.gr/product/pediko-spitaki-me-tsoulithra-ble-kokkino-pilsan-06-432/,ΒΡΕΦΙΚΑ-ΠΑΙΔΙΚΑ,0,new,https://kidstoys.gr/wp-content/uploads/sites/7/2021/01/06-432.jpg,Pilsan,188.90,249.90,2,"Παιδικό Σπιτάκι Με Τσουλήθρα Μπλε-Κόκκινο Pilsan 06-432

Κατάλληλο για ηλικίες από 3+ Ετών .
Εύκολη Συναρμολόγηση
Μέγιστο Βάρος: 25 κιλά
Κατάλληλο και γι Εξωτερικό Χώρο .
Διαστάσεις προϊόντος: 112 x 252  x 131 cm
Διαστάσεις Συσκευασίας : 70 x 130 x 70.5 cm

",in stock
104217,06-198,Πλαστική Τσουλήθρα Dino Μπλε - Κίτρινο Pilsan 06-198,https://kidstoys.gr/product/plastiki-tsoulithra-dino-ble-kitrino-pilsan-06-198/,ΠΑΙΔΙΚΕΣ ΤΣΟΥΛΗΘΡΕΣ,29,new,https://kidstoys.gr/wp-content/uploads/sites/7/2021/01/06-198-2-1-1000x1000.jpg,Pilsan,96.88,135.90,5,"Πλαστική Τσουλήθρα Dino Μπλε - Κίτρινο Pilsan 06-198
Πλαστική Τσουλήθρα, είναι καταπληκτικό και ασφαλές παιχνίδι για τα παιδιά σας, για να απολαμβάνουν το παιχνίδι του.
Είναι κατάλληλο για κήπο και εξωτερικό χώρο. Ιδανικό για παιδότοπους και παιδικούς σταθμούς.
 

Διαστάσεις: 140 (μήκος) x 62 (πλάτος) x 112 (ύψος) cm
Διαστάσεις Συσκευασίας: 123.5 x 37 x 61 cm
Υλικό: Πλαστικό
Μέγιστο Βάρος: 25 κιλά
Ηλικία : 2+ (Η χρήση να γίνεται πάντα με την επίβλεψη των γονέων)
Unisex

",in stock
104215,06-192,Παιδικός Πλαστικός Φράχτης Pilsan 06-192,https://kidstoys.gr/product/pedikos-plastikos-frachtis-pilsan-06-192/,ΠΑΙΔΙΚΕΣ ΧΑΡΕΣ,29,new,https://kidstoys.gr/wp-content/uploads/sites/7/2021/01/ezgif-6-bedb5d5e87b0.jpg,Pilsan,69.96,99.96,19,"ΠΑΙΔΙΚΟΣ ΠΛΑΣΤΙΚΟΣ ΦΡΑΧΤΗΣ PILSAN 06-192

Ο παιδικός φράχτης δημιουργεί μια παιδική χαρά όπου τα παιδιά μπορούν να παίξουν με ασφάλεια.
Για περισσότερη διασκέδαση, το εσωτερικό χώρο μπορεί να γεμίσει με μπάλες.
Το σετ περιέχει 8 κομμάτια, τα οποία μπορούν να τοποθετηθούν έτσι ώστε να αποκτήσουν διαφορετικές γεωμετρικές μορφές.

Προτεινόμενη ηλικία: για παιδιά άνω των 12 μηνών     
Απλή και εύκολη εγκατάσταση και συντήρηση     
Το σετ περιέχει 8 κομμάτια     
Μπορεί να τοποθετηθεί σε διαφορετικές μορφές     
Υλικό-πλαστικό     
Εργονομικός σχεδιασμός

Για το εσωτερικό ή το κήπο     
Διαστάσεις σε τετράγωνο : 141 x 141εκ.
Διαστάσεις σε κύκλο 173 x 169εκ
Μέγεθος διαστάσεων κομματιού: 68εκ.μήκος x 44εκ.ύψος x 3εκ.πάχος cm

",in stock
104212,06-191,Παιδική Τσουλήθρα Bingo Slide Pilsan 06-191,https://kidstoys.gr/product/pediki-tsoulithra-bingo-slide-pilsan-06-191/,ΠΑΙΔΙΚΕΣ ΤΣΟΥΛΗΘΡΕΣ,29,new,https://kidstoys.gr/wp-content/uploads/sites/7/2021/01/pilsan_bingoslide_06191-1000x1000.jpg,Pilsan,41.87,65.80,55,"Παιδική Τσουλήθρα Bingo Slide Pilsan 06-191

Κατάλληλο για ηλικία 12+ μηνών
Μέγιστη αντοχή εώς 25kg
Εύκολη εγκατάσταση
Διαστάσεις προϊόντος: 62.5 x 140 x 93cm.

",in stock
104210,06-167,Πλαστική Τσουλήθρα Funny Slide Πράσινο - Κόκκινο Pilsan 06-167,https://kidstoys.gr/product/plastiki-tsoulithra-funny-slide-prasino-kokkino-pilsan-06-167/,ΠΑΙΔΙΚΕΣ ΤΣΟΥΛΗΘΡΕΣ,29,new,https://kidstoys.gr/wp-content/uploads/sites/7/2021/01/06-167-2-1-1000x1000.jpg,Pilsan,24.80,47.90,47,"Πλαστική Τσουλήθρα Happy slide Μπλε-Γκρι Pilsan 06-167

Pilsan παιδική Τσουλήθρα εξωτερικού χώρου.
Κατάλληλο για παιδάκια άνω των 12 μηνων και με μέγιστο βάρος 20 κιλά
Εύκολη συναρμολόγηση.
Διαστάσεις προϊόντος: 60 x 123 x 72cm.
Διαστάσεις συσκευασμένου προϊόντος: 26x 109.5 x 59cm.

",in stock
104207,06-166,Κουνιστή Πάπια Huppy Duck Pilsan 06-166,https://kidstoys.gr/product/kounisti-papia-huppy-duck-pilsan-06-166/,ΚΟΥΝΙΣΤΑ ΠΑΙΧΝΙΔΙΑ,41,new,https://kidstoys.gr/wp-content/uploads/sites/7/2021/01/pilsan_happyduck_06166-1000x1000.jpg,Pilsan,24.80,48.80,9,"Κουνιστή Πάπια Huppy Duck Pilsan 06-166

Το αλογάκι είναι κατάλληλο για παιδιά άνω των 3 ετών
Διασκεδαστικό και Ασφαλές
Κατάλληλο για χρήση από παιδιά έως 35kg.

",in stock
104205,06-165,Κουνιστός Ελέφαντας Happy Elephant Pilsan 06-165,https://kidstoys.gr/product/kounistos-elefantas-happy-elephant-pilsan-06-165/,ΚΟΥΝΙΣΤΑ ΠΑΙΧΝΙΔΙΑ,41,new,https://kidstoys.gr/wp-content/uploads/sites/7/2021/01/pilsan_happyelephant_06165-1-1000x1000.jpg,Pilsan,24.80,48.80,2,"Κουνιστός Ελέφαντας Happy Elephant Pilsan 06-165

Το αλογάκι είναι κατάλληλο για παιδιά άνω των 3 ετών
Διασκεδαστικό και Ασφαλές
Κατάλληλο για χρήση από παιδιά έως 50kg.

",in stock
104199,06-158,Παιδικό Σπιτάκι Κόκκινο-Πράσινο Strawberry Pilsan 06-158,https://kidstoys.gr/product/pediko-spitaki-kokkino-prasino-strawberry-pilsan-06-158/,ΠΑΙΔΙΚΕΣ ΧΑΡΕΣ,29,new,https://kidstoys.gr/wp-content/uploads/sites/7/2021/01/06-158.jpg,Pilsan,93.90,152.90,4,"Παιδικό Σπιτάκι Κόκκινο-Πράσινο Strawberry Pilsan 06-158

Παιχνιδόσπιτο για παιδιά.
Κατάλληλο για παιδιά από 3 έως 12 ετών.
Το εξοχικό σπίτι διαθέτει 1 πόρτα που ανοίγει και 4 παράθυρα.
Προσφέρει ένα μέρος για να διασκεδάσετε και να παίξετε το παιδί σας.
Ελαφρύ και εύκολο στη μεταφορά και συναρμολόγηση.
Σχέδιο κολοκύθας.
Μπορεί να χρησιμοποιηθεί τόσο στο σπίτι όσο και στο εξωτερικό.
Ένα σχέδιο διασκέδασης ειδικά σχεδιασμένο για να κρατάει την προσοχή του παιδιού σας και να του δίνει αρκετό χρόνο παιχνιδιού.
Κατασκευασμένο από υψηλής ποιότητας πλαστικό, ανθεκτικό στις καιρικές συνθήκες.
Διαστάσεις προϊόντος:142x141x141cm

",in stock
104192,06-142,Παιδική Τσουλήθρα  Με Μπασκέτα Wavy Slide Pilsan 06-142,https://kidstoys.gr/product/pediki-tsoulithra-me-basketa-wavy-slide-pilsan-06-142/,ΠΑΙΔΙΚΕΣ ΤΣΟΥΛΗΘΡΕΣ,29,new,https://kidstoys.gr/wp-content/uploads/sites/7/2021/01/06-142-a.jpg,Pilsan,84.90,170.50,9,"Παιδική Τσουλήθρα Με Μπασκέτα Wavy Slide Pilsan 06-142

Καταλληλή για παιδία 1+ ετών
Μέγιστο βάρος 20 kg.
Κατάλληληγια εξωτερική και εσωτερική χρήση.
Περιέχει μικρή μπασκέτα.
Διαστάσεις: 105x172x91 cm.
Βάρος: 16 kg.

",in stock
104184,06-129,Παιδική Κούνια Με σχοινιά Πορτοκαλί Samba Pilsan 06-129,https://kidstoys.gr/product/pediki-kounia-me-schinia-portokali-samba-pilsan-06-129/,ΠΑΙΔΙΚΕΣ ΚΟΥΝΙΕΣ,29,new,https://kidstoys.gr/wp-content/uploads/sites/7/2021/01/06-129.jpg,Pilsan,21.80,37.80,45,"Παιδική Κούνια Με σχοινιά Πορτοκαλί Samba Pilsan 06-129
Το κάθισμα είναι κατασκευασμένο από πλαστικό υψηλής ποιότητας. Χρησιμοποιείται σε τρείς διαφορετικές φάσης ανάπτυξης του παιδιού, αφαιρώντας σταδιακά όσο μεγαλώνει το προστατευτικό του στήθους και της πλάτης. Διαθέτει ζωνάκια ασφαλείας για μεγαλύτερη προστασία. Ανθεκτικό στις εξωτερικές καιρικές συνθήκες.

Κατάλληλο για 1+ χρονών.
Μέγιστο βάρος: 35 kg.
Ζώνη ασφαλείας.
Περιέχει κουδουνίστρα.
Διαστάσεις προϊόντος:  37x44x35cm.
Διαστάσεις συσκευασμένου προϊόντος: 35x44x37

",in stock
104180,05-116,Ηλεκτροκίνητο παιδικό Τρακτέρ 6V Pilsan 05-116,https://kidstoys.gr/product/ilektrokinito-pediko-trakter-6v-pilsan-05-116/,ΠΑΙΔΙΚΑ ΟΧΗΜΑΤΑ,41,new,https://kidstoys.gr/wp-content/uploads/sites/7/2021/01/05-116a.jpg,Pilsan,79.80,155.50,10,"Ηλεκτροκίνητο παιδικό Τρακτέρ 6V Pilsan 05-116
Κατάλληλο: 36+ μηνών
Μέγιστο βάρος: 50 Kg
Ρυθμιζόμενο πατενταρισμένο (6 σταδίων) κάθισμα
6 V μπαταρία
6 V Φορτιστής
6V κινητήρας με κίνηση πίσω τροχού
Διαστάσεις προϊόντος: 51*95*51cm
Διαστάσεις συσκευασμένου προϊόντος: 35.51*92cm
",in stock
104178,03-371,Παιδικό Τέρμα Ποδοσφαίρου Pilsan 03-371,https://kidstoys.gr/product/pediko-terma-podosferou-pilsan-03-371/,ΠΑΙΔΙΚΕΣ ΧΑΡΕΣ,29,new,https://kidstoys.gr/wp-content/uploads/sites/7/2021/01/03-371.jpg,Pilsan,17.90,25.90,11,"Παιδικό Τέρμα Ποδοσφαίρου Pilsan 03-371
Κατάλληλο για εσωτερική και εξωτερική χρήση (κήπος, πικνίκ κ.λπ.)
Πλαϊνά κομμάτια που γεμίζουν με άμμο για πρόσθετο βάρος
Εύκολη εγκατάσταση χωρίς βίδες
Μπορεί να αποθηκευτεί αποσυναρμολογημένο
Διαστάσεις προϊόντος: :40,50*77,50*53cm
Διαστάσεις συσκευασμένου προϊόντος:12*70*41cm
",in stock
104175,03-249,Παιδικό Σετ Εργαλειοθήκης Με Κράνος Pilsan 03-249,https://kidstoys.gr/product/pediko-set-ergaliothikis-me-kranos-pilsan-03-249/,ΠΑΙΔΙΚΑ ΠΑΙΧΝΙΔΙΑ ΜΙΜΗΣΗΣ,42,new,https://kidstoys.gr/wp-content/uploads/sites/7/2021/01/03-249.jpg,Pilsan,15.80,19.90,12,"Παιδικό Σετ Εργαλειοθήκης Με Κράνος Pilsan 03-249

Κατάλληλο για χρήση από παιδιά άνω των 3 ετών.
Περιέχει 26 Τεμάχια

",in stock
104157,03-188,Παιδική Σιδερώστρα Lady Pilsan 03-188,https://kidstoys.gr/product/pediki-siderostra-lady-pilsan-03-188/,ΠΑΙΔΙΚΑ ΠΑΙΧΝΙΔΙΑ ΜΙΜΗΣΗΣ,42,new,https://kidstoys.gr/wp-content/uploads/sites/7/2021/01/IRON2-1000x1000.jpg,Pilsan,23.80,35,18,"Παιδική Σιδερώστρα Lady Pilsan 03-188
Κατάλληλο για παιδιά  3 χρονών και άνω
Ελαφρύ και εύκολο στη μεταφορά.
Περιλαμβάνει το σίδερο
Διαστάσεις Προϊόντος : 26*71*54cm
",in stock
100062,CWH02,Παιδικό Αυτοκινητάκι Ηλεκτροκίνητο Licensed Mercedes-Benz C63 AMG Λευκό12V,https://kidstoys.gr/product/100062/,ΠΑΙΔΙΚΑ ΗΛΕΚΤΡΟΚΙΝΗΤΑ,43,new,https://kidstoys.gr/wp-content/uploads/sites/7/2020/11/New-Project-8.jpg,Kidstoys,144.9,224.90,11,"Ηλεκτροκίνητο Mercedes-Benz C63 AMG Λευκό 12Va
Στην συσκευασία περιλαμβάνεται μπαταρία 12V 7Ah και φορτιστής.
Διαθέτει υποδοχή MP3, τιμόνι πολλαπλών λειτουργιών με εφέ μουσικής και τηλεχειριστήριο.
  ΧΑΡΑΚΤΗΡΙΣΤΙΚΑ

Χειρισμός με ηλεκτρικό πεντάλ Κίνησης ή Τηλεχειριστήριο 2.4G Νέας Γενιάς
Τιμόνι πολλαπλών λειτουργιών με εφέ μουσικής
Διαθέτει MP3, TF, θύρα USB
Οι πόρτες ανοίγουν
Διαθέτει ζώνη ασφαλείας και αναρτήσεις στους 4 τροχούς
Δύο κινητήρες: 25W*2
Μπαταρία 12V 7A
Κατάλληλο για παιδιά ηλικίας από 1,5 έως 5 ετών.
Μέγιστο βάρος 30kg
Διαστάσεις αυτοκινήτου: 116x67x50cm

",in stock
100059,CBL01,Παιδικό Αυτοκινητάκι Ηλεκτροκίνητο Licensed Mercedes-Benz C63 AMG Μαύρο 12V,https://kidstoys.gr/product/pediko-aftokinitaki-ilektrokinito-licensed-mercedes-benz-c63-amg-mavro-12v/,ΠΑΙΔΙΚΑ ΗΛΕΚΤΡΟΚΙΝΗΤΑ,43,new,https://kidstoys.gr/wp-content/uploads/sites/7/2020/11/New-Project-9.jpg,Kidstoys,144.9,224.90,13,"Ηλεκτροκίνητο Mercedes-Benz C63 AMG Μαύρο 12Va
Στην συσκευασία περιλαμβάνεται μπαταρία 12V 7Ah και φορτιστής.
Διαθέτει υποδοχή MP3, τιμόνι πολλαπλών λειτουργιών με εφέ μουσικής και τηλεχειριστήριο.
  ΧΑΡΑΚΤΗΡΙΣΤΙΚΑ

Χειρισμός με ηλεκτρικό πεντάλ Κίνησης ή Τηλεχειριστήριο 2.4G Νέας Γενιάς
Τιμόνι πολλαπλών λειτουργιών με εφέ μουσικής
Διαθέτει MP3, TF, θύρα USB
Οι πόρτες ανοίγουν
Διαθέτει ζώνη ασφαλείας και αναρτήσεις στους 4 τροχούς
Δύο κινητήρες: 25W*2
Μπαταρία 12V 7A
Κατάλληλο για παιδιά ηλικίας από 1,5 έως 5 ετών.
Μέγιστο βάρος 30kg
Διαστάσεις αυτοκινήτου: 116x67x50cm

",in stock
100057,GLEWH02,Παιδικό Αυτοκινητάκι Ηλεκτροκίνητο Licensed Mercedes-Benz GLE450 AMG Λευκό12V,https://kidstoys.gr/product/pediko-aftokinitaki-ilektrokinito-licensed-mercedes-benz-gle450-amg-lefko12v/,ΠΑΙΔΙΚΑ ΗΛΕΚΤΡΟΚΙΝΗΤΑ,43,new,https://kidstoys.gr/wp-content/uploads/sites/7/2020/11/New-Project-7.jpg,Kidstoys,154.90,239.80,9,"Ηλεκτροκίνητο Mercedes-Benz GLE450 AMG Λευκό 12Va
Στην συσκευασία περιλαμβάνεται μπαταρία 12V 7Ah και φορτιστής.
Διαθέτει υποδοχή MP3, τιμόνι πολλαπλών λειτουργιών με εφέ μουσικής και τηλεχειριστήριο.
  ΧΑΡΑΚΤΗΡΙΣΤΙΚΑ

Χειρισμός με ηλεκτρικό πεντάλ Κίνησης ή Τηλεχειριστήριο 2.4G Νέας Γενιάς
Τιμόνι πολλαπλών λειτουργιών με εφέ μουσικής
Διαθέτει MP3, TF, θύρα USB
Οι πόρτες ανοίγουν
Διαθέτει ζώνη ασφαλείας και αναρτήσεις στους 4 τροχούς
Δύο κινητήρες: 25W*2
Μπαταρία 12V 7A
Κατάλληλο για παιδιά ηλικίας από 1,5 έως 5 ετών.
Μέγιστο βάρος 35kg
Διαστάσεις αυτοκινήτου: 115x70x58cm

",in stock
100021,LHBL03,Παιδικό Αυτοκινητάκι Ηλεκτροκίνητο Lamporghini Huracan Licensed original με MP3 και τηλεχειριστήριο 12V Μπλέ,https://kidstoys.gr/product/pediko-aftokinitaki-ilektrokinito-lamporghini-huracan-licensed-original-me-mp3-ke-tilechiristirio-12v-ble/,ΠΑΙΔΙΚΑ ΗΛΕΚΤΡΟΚΙΝΗΤΑ,43,new,https://kidstoys.gr/wp-content/uploads/sites/7/2020/11/New-Project-5.jpg,Kidstoys,144.9,279.90,10,"Ηλεκτροκίνητο Lamborghini Huracan Μπλέ 12V
Στην συσκευασία περιλαμβάνεται μπαταρία 12V 4.5Ah και φορτιστής.
Διαθέτει υποδοχή MP3, τιμόνι πολλαπλών λειτουργιών με εφέ μουσικής και τηλεχειριστήριο.
  ΧΑΡΑΚΤΗΡΙΣΤΙΚΑ

Χειρισμός με ηλεκτρικό πεντάλ Κίνησης ή Τηλεχειριστήριο 2.4G Νέας Γενιάς
Διαθέτει MP3, TF, θύρα USB
Οι πόρτες ανοίγουν
Με ζώνη ασφαλείας
Τεσσερη κινητήρες: 25W*4
Μπαταρία 12V 4.5A
Κατάλληλο για παιδιά ηλικίας από 1,5 έως 5 ετών.
Μέγιστο βάρος 35kg
Διαστάσεις αυτοκινήτου: 120*64*47cm

",in stock
100019,LHYE02,Παιδικό Αυτοκινητάκι Ηλεκτροκίνητο Lamporghini Huracan Licensed original με MP3 και τηλεχειριστήριο 12V Κίτρινο,https://kidstoys.gr/product/pediko-aftokinitaki-ilektrokinito-lamporghini-huracan-licensed-original-me-mp3-ke-tilechiristirio-12v-kitrino/,ΠΑΙΔΙΚΑ ΗΛΕΚΤΡΟΚΙΝΗΤΑ,43,new,https://kidstoys.gr/wp-content/uploads/sites/7/2020/11/New-Project-4.jpg,Kidstoys,144.9,279.90,7,"Ηλεκτροκίνητο Lamborghini Huracan Κίτρινο 12V
Στην συσκευασία περιλαμβάνεται μπαταρία 12V 4.5Ah και φορτιστής.
Διαθέτει υποδοχή MP3, τιμόνι πολλαπλών λειτουργιών με εφέ μουσικής και τηλεχειριστήριο.
  ΧΑΡΑΚΤΗΡΙΣΤΙΚΑ

Χειρισμός με ηλεκτρικό πεντάλ Κίνησης ή Τηλεχειριστήριο 2.4G Νέας Γενιάς
Διαθέτει MP3, TF, θύρα USB
Οι πόρτες ανοίγουν
Με ζώνη ασφαλείας
Τεσσερη κινητήρες: 25W*4
Μπαταρία 12V 4.5A
Κατάλληλο για παιδιά ηλικίας από 1,5 έως 5 ετών.
Μέγιστο βάρος 35kg
Διαστάσεις αυτοκινήτου: 120*64*47cm

",in stock
99965,LHWH01,Παιδικό Αυτοκινητάκι Ηλεκτροκίνητο Lamporghini Huracan Licensed original με MP3 και τηλεχειριστήριο 12V Λευκό,https://kidstoys.gr/product/pediko-aftokinitaki-ilektrokinito-lamporghini-huracan-licensed-original-me-mp3-ke-tilechiristirio-12v-lefko/,ΠΑΙΔΙΚΑ ΗΛΕΚΤΡΟΚΙΝΗΤΑ,43,new,https://kidstoys.gr/wp-content/uploads/sites/7/2020/11/New-Project-3.jpg,Kidstoys,144.9,279.90,5,"Ηλεκτροκίνητο Lamborghini Huracan Λευκό 12V
Στην συσκευασία περιλαμβάνεται μπαταρία 12V 4.5Ah και φορτιστής.
Διαθέτει υποδοχή MP3, τιμόνι πολλαπλών λειτουργιών με εφέ μουσικής και τηλεχειριστήριο.
  ΧΑΡΑΚΤΗΡΙΣΤΙΚΑ

Χειρισμός με ηλεκτρικό πεντάλ Κίνησης ή Τηλεχειριστήριο 2.4G Νέας Γενιάς
Διαθέτει MP3, TF, θύρα USB
Οι πόρτες ανοίγουν
Με ζώνη ασφαλείας
Τεσσερη κινητήρες: 25W*4
Μπαταρία 12V 4.5A
Κατάλληλο για παιδιά ηλικίας από 1,5 έως 5 ετών.
Μέγιστο βάρος 35kg
Διαστάσεις αυτοκινήτου: 120*64*47cm

",in stock
99936,RRSG99,Παιδικό Αυτοκινητάκι Ηλεκτροκίνητο Range Rover Evoque Licensed original με MP3 και τηλεχειριστήριο 12V Γκρί,https://kidstoys.gr/product/pediko-aftokinitaki-ilektrokinito-range-rover-evoque-licensed-original-me-mp3-ke-tilechiristirio-12v-gkri/,ΠΑΙΔΙΚΑ ΗΛΕΚΤΡΟΚΙΝΗΤΑ,43,new,https://kidstoys.gr/wp-content/uploads/sites/7/2020/11/shd199-sl-2-1000x1000.jpg,Kidstoys,185.09,269.70,11,"Ηλεκτροκίνητο παιδικό Αυτοκίνητο Range Rover Evoque Licensed original με επαναφορτιζόμενη μπαταρία 12V 4.5Ah, με μαλακή εκκίνηση, μουσική, MP3 και κλειδί.

Συνοδεύεται από χειριστήριο τηλεκατεύθυνσης 2,4 GHz που του προσδίδει απόλυτο έλεγχο κινήσεων προς όλες τις κατευθύνσεις (μπροστά – πίσω – δεξιά – αριστερά) από τους γονείς σε περίπτωση που τα παιδιά δε μπορούν να φτάσουν στο πεντάλ του γκαζιού ή δε μπορούν να ελέγξουν καλά το αυτοκίνητο. Έτσι δίνεται η δυνατότητα να οδηγηθεί το ηλεκτροκίνητο αυτοκίνητο από το ίδιο το παιδί χρησιμοποιώντας τα χειριστήρια του αυτοκινήτου (πεντάλ και τιμόνι) ή από τον ένα γονιό μέσω του τηλεχειριστηρίου.
 

 Χαρακτηριστικά:

Διαστάσεις : 108 x 67 x 52 cm (Διαστάσεις πακέτου 111 x 59 x 37 cm)
Ηλικία : 2-4 Ετών (Εξαρτάται πάντα και η ανάπτυξη του παιδιού). Δείτε τις ακριβής διαστάσεις του οχήματος.
Κάθισμα : 2θέσιο πλαστικό κάθισμα
Μοτέρ : 2
Ταχύτητα : 3 – 4 km/h, ανάλογα με το βάρος
Μπαταρία : 12V 4.5Ah
Τηλεκατεύθυνση : 4 Κατευθύνσεων (Μπροστά – Πίσω – Αριστερά – Δεξιά)
Ρόδες : PVC
Ρυθμιζόμενη ζώνη ασφαλείας
Εξοπλισμός : Ανοιγόμενες πόρτες, Φώτα, Μουσική, ΜP3, USB/SD.
Μέγιστο βάρος : 40kg

",in stock
99920,RRWR99,Παιδικό Αυτοκινητάκι Ηλεκτροκίνητο Range Rover Evoque Licensed original με MP3 και τηλεχειριστήριο 12V Μπορντό,https://kidstoys.gr/product/pediko-aftokinitaki-ilektrokinito-range-rover-evoque-licensed-original-me-mp3-ke-tilechiristirio-12v-bornto/,ΠΑΙΔΙΚΑ ΗΛΕΚΤΡΟΚΙΝΗΤΑ,43,new,https://kidstoys.gr/wp-content/uploads/sites/7/2020/11/New-Project.jpg,Kidstoys,185.09,269.70,17,"​Ηλεκτροκίνητο παιδικό Αυτοκίνητο Range Rover Evoque Licensed original με επαναφορτιζόμενη μπαταρία 12V 4.5Ah, με μαλακή εκκίνηση, μουσική, MP3 και κλειδί.

Συνοδεύεται από χειριστήριο τηλεκατεύθυνσης 2,4 GHz που του προσδίδει απόλυτο έλεγχο κινήσεων προς όλες τις κατευθύνσεις (μπροστά - πίσω - δεξιά - αριστερά) από τους γονείς σε περίπτωση που τα παιδιά δε μπορούν να φτάσουν στο πεντάλ του γκαζιού ή δε μπορούν να ελέγξουν καλά το αυτοκίνητο. Έτσι δίνεται η δυνατότητα να οδηγηθεί το ηλεκτροκίνητο αυτοκίνητο από το ίδιο το παιδί χρησιμοποιώντας τα χειριστήρια του αυτοκινήτου (πεντάλ και τιμόνι) ή από τον ένα γονιό μέσω του τηλεχειριστηρίου.

 Χαρακτηριστικά:

Διαστάσεις : 108 x 67 x 52 cm (Διαστάσεις πακέτου 111 x 59 x 37 cm)
Ηλικία : 2-4 Ετών (Εξαρτάται πάντα και η ανάπτυξη του παιδιού). Δείτε τις ακριβής διαστάσεις του οχήματος.
Κάθισμα : 2θέσιο πλαστικό κάθισμα
Μοτέρ : 2
Ταχύτητα : 3 - 4 km/h, ανάλογα με το βάρος
Μπαταρία : 12V 4.5Ah
Τηλεκατεύθυνση : 4 Κατευθύνσεων (Μπροστά - Πίσω - Αριστερά - Δεξιά)
Ρόδες : PVC
Ρυθμιζόμενη ζώνη ασφαλείας
Εξοπλισμός : Ανοιγόμενες πόρτες, Φώτα, Μουσική, ΜP3, USB/SD.
Μέγιστο βάρος : 40kg

",in stock
99907,RRBL99,Παιδικό Αυτοκινητάκι Ηλεκτροκίνητο Range Rover Evoque Licensed original με MP3 και τηλεχειριστήριο 12V Μαύρο,https://kidstoys.gr/product/99907/,ΠΑΙΔΙΚΑ ΗΛΕΚΤΡΟΚΙΝΗΤΑ,43,new,https://kidstoys.gr/wp-content/uploads/sites/7/2020/11/shd199-bl-2-1000x1000.jpg,Kidstoys,184.99,243.90,18,"​Ηλεκτροκίνητο παιδικό Αυτοκίνητο Range Rover Evoque Licensed original με επαναφορτιζόμενη μπαταρία 12V 4.5Ah, με μαλακή εκκίνηση, μουσική, MP3 και κλειδί.

Συνοδεύεται από χειριστήριο τηλεκατεύθυνσης 2,4 GHz που του προσδίδει απόλυτο έλεγχο κινήσεων προς όλες τις κατευθύνσεις (μπροστά - πίσω - δεξιά - αριστερά) από τους γονείς σε περίπτωση που τα παιδιά δε μπορούν να φτάσουν στο πεντάλ του γκαζιού ή δε μπορούν να ελέγξουν καλά το αυτοκίνητο. Έτσι δίνεται η δυνατότητα να οδηγηθεί το ηλεκτροκίνητο αυτοκίνητο από το ίδιο το παιδί χρησιμοποιώντας τα χειριστήρια του αυτοκινήτου (πεντάλ και τιμόνι) ή από τον ένα γονιό μέσω του τηλεχειριστηρίου.

 Χαρακτηριστικά:

Διαστάσεις : 108 x 67 x 52 cm (Διαστάσεις πακέτου 111 x 59 x 37 cm)
Ηλικία : 2-4 Ετών (Εξαρτάται πάντα και η ανάπτυξη του παιδιού). Δείτε τις ακριβής διαστάσεις του οχήματος.
Κάθισμα : 2θέσιο πλαστικό κάθισμα
Μοτέρ : 2
Ταχύτητα : 3 - 4 km/h, ανάλογα με το βάρος
Μπαταρία : 12V 4.5Ah
Τηλεκατεύθυνση : 4 Κατευθύνσεων (Μπροστά - Πίσω - Αριστερά - Δεξιά)
Ρόδες : PVC
Ρυθμιζόμενη ζώνη ασφαλείας
Εξοπλισμός : Ανοιγόμενες πόρτες, Φώτα, Μουσική, ΜP3, USB/SD.
Μέγιστο βάρος : 40kg

",in stock
99894,RRWH99,Παιδικό Αυτοκινητάκι Ηλεκτροκίνητο Range Rover Evoque Licensed original με MP3 και τηλεχειριστήριο 12V Λευκό,https://kidstoys.gr/product/pediko-aftokinitaki-ilektrokinito-range-rover-evoque-licensed-original-me-mp3-ke-tilechiristirio-12v-lefko/,ΠΑΙΔΙΚΑ ΗΛΕΚΤΡΟΚΙΝΗΤΑ,43,new,https://kidstoys.gr/wp-content/uploads/sites/7/2020/11/RRWH99-1.jpg,Kidstoys,184.99,243.90,17,"​Ηλεκτροκίνητο παιδικό Αυτοκίνητο Range Rover Evoque Licensed original με επαναφορτιζόμενη μπαταρία 12V 4.5Ah, με μαλακή εκκίνηση, μουσική, MP3 και κλειδί.

Συνοδεύεται από χειριστήριο τηλεκατεύθυνσης 2,4 GHz που του προσδίδει απόλυτο έλεγχο κινήσεων προς όλες τις κατευθύνσεις (μπροστά - πίσω - δεξιά - αριστερά) από τους γονείς σε περίπτωση που τα παιδιά δε μπορούν να φτάσουν στο πεντάλ του γκαζιού ή δε μπορούν να ελέγξουν καλά το αυτοκίνητο. Έτσι δίνεται η δυνατότητα να οδηγηθεί το ηλεκτροκίνητο αυτοκίνητο από το ίδιο το παιδί χρησιμοποιώντας τα χειριστήρια του αυτοκινήτου (πεντάλ και τιμόνι) ή από τον ένα γονιό μέσω του τηλεχειριστηρίου.

 Χαρακτηριστικά:

Διαστάσεις : 108 x 67 x 52 cm (Διαστάσεις πακέτου 111 x 59 x 37 cm)
Ηλικία : 2-4 Ετών (Εξαρτάται πάντα και η ανάπτυξη του παιδιού). Δείτε τις ακριβής διαστάσεις του οχήματος.
Κάθισμα : 2θέσιο πλαστικό κάθισμα
Μοτέρ : 2
Ταχύτητα : 3 - 4 km/h, ανάλογα με το βάρος
Μπαταρία : 12V 4.5Ah
Τηλεκατεύθυνση : 4 Κατευθύνσεων (Μπροστά - Πίσω - Αριστερά - Δεξιά)
Ρόδες : PVC
Ρυθμιζόμενη ζώνη ασφαλείας
Εξοπλισμός : Ανοιγόμενες πόρτες, Φώτα, Μουσική, ΜP3, USB/SD.
Μέγιστο βάρος : 40kg

",in stock
99812,BBH-0005-BLACK,Παιδικό Αυτοκινητάκι Ηλεκτροκίνητο Licensed Mercedes-Benz GTR AMG Μάυρο 12V,https://kidstoys.gr/product/pediko-aftokinitaki-ilektrokinito-licensed-mercedes-benz-gtr-amg-mayro-12v/,ΠΑΙΔΙΚΑ ΗΛΕΚΤΡΟΚΙΝΗΤΑ,43,new,https://kidstoys.gr/wp-content/uploads/sites/7/2020/11/New-Project-11.jpg,Kidstoys,124.9,287.80,13,"Ηλεκτροκίνητο Mercedes-Benz GTR AMG Μάυρο12V
Στην συσκευασία περιλαμβάνεται μπαταρία 12V 4.5Ah και φορτιστής.
Διαθέτει υποδοχή MP3, τιμόνι πολλαπλών λειτουργιών με εφέ μουσικής και τηλεχειριστήριο.
  ΧΑΡΑΚΤΗΡΙΣΤΙΚΑ

Χειρισμός με ηλεκτρικό πεντάλ Κίνησης ή Τηλεχειριστήριο 2.4G Νέας Γενιάς
Τιμόνι πολλαπλών λειτουργιών με εφέ μουσικής
Διαθέτει θύρα για MP3, USB και υποδοχή SD
Οι πόρτες ανοίγουν
Διαθέτει ζώνη ασφαλείας
Με δύο κινητήρες
Μπαταρία 12V 4.5A
Κατάλληλο για παιδιά ηλικίας από 1,5 έως 5 ετών.
Μέγιστο βάρος 35kg
Διαστάσεις αυτοκινήτου: 110*67*46cm

",in stock
6863,MKL-PP-06,Παιδική Βαλίτσα Ταξιδιου Καμπίνας τρόλευ Penguin Pink Kids Luggage MKL-PP-06,https://kidstoys.gr/product/pediki-valitsa-taxidiou-kabinas-trolef-penguin-pink-kids-luggage-mkl-pp-06/,ΠΑΙΔΙΚΕΣ ΒΑΛΙΤΣΕΣ,0,new,https://kidstoys.gr/wp-content/uploads/sites/7/2020/08/leuko-roz1.jpeg,Homeone,69.9,119.90,20,"Ταξιδεύοντας με τα παιδιά μπορεί να είναι δύσκολη η μετακίνηση.
Αλλά με τη σωστή βαλίτσα , όλα κινούνται πιο εύκολα.
Εκτός από τη μεγάλη χωρητικότητα αποθήκευσης, οι αποσκευές μπορούν να τραβηχτούν ή να οδηγηθούν από παιδιά υπό την επίβλεψη ενηλίκου μέσω του αεροδρομίου, του τρένου ή του τερματικού σταθμού πορθμείων για μεταφορά χωρίς άγχος.
Μόλις το σήμα ζώνης ασφαλείας είναι απενεργοποιημένο, το MuuHoo θα μπορούσε να μετατραπεί από μια βαλίτσα σε ένα κρεβάτι με απλά βήματα.
Λειτουργία Ride-on κατάλληλη για παιδιά άνω των 3 ετών (υπό την επίβλεψη ενηλίκου).
Η δυνατότητα κρεβατιού είναι κατάλληλη για παιδιά από 0-5 ετών.
Ο αρχικός σχεδιασμός των αποσκευών αναγνωρίζεται και καταχωρείται στο Γραφείο Διανοητικής Ιδιοκτησίας της Ευρωπαϊκής Ένωσης (EUIPO).
Τα ισχυρά υλικά PP (πολυπροπυλένιο) είναι ακίνδυνα για τα παιδιά αλλά είναι φιλικά προς το περιβάλλον.
Καταγράφηκε για τον πιο ελκυστικό και καινοτόμο διορισμό προϊόντων στην CBME Shanghai Expo 2019, η οποία είναι η μεγαλύτερη εμπορική έκθεση στον κόσμο για προϊόντα παιδιού / μωρού / μητρότητας.
Το αξιολάτρευτο MuuHoo Children Travel Luggage, ο καλύτερος σύντροφος ταξιδιού για παιδιά, θα υπόσχεται μια άνετη και ενδιαφέρουσα εμπειρία για τα παιδιά και ένα ταξίδι χωρίς προβλήματα για τους γονείς.
Χαρακτηριστικά
Μέγιστο φορτίο έως 60 κιλά
Πρακτικό πλαϊνό άνοιγμα για να βάζετε ή να βγάζετε αντικείμενα με άνεση
Εσωτερική ζώνη συμπίεσης για να διατηρείται οργανωμένη
Περιλαμβάνεται ασφαλές και άοσμο βαμβακερό υπνόσακο
Περιλαμβάνεται ρυθμιζόμενος ιμάντας πολλαπλών λειτουργιών
Ρυθμιζόμενο καπάκι και γρανάζια για αεροσκάφη, τρένο, καθιστικό ως υπνόσακο
Καθολικός εμπρός τροχός με κλειδαριά. Μονόδρομος πίσω τροχός
Υλικό: Πολυπροπυλένιο
Διαστάσεις (Συνολικά): 51 x 20 x 45cm (Π x Υ x Β)
Όγκος: 20 λίτρα
Βάρος: 2,5 κιλά
",in stock
6861,MKL-PP-05,Παιδική Βαλίτσα Ταξιδιου Καμπίνας τρόλευ Penguin Purple Kids Luggage MKL-PP-05,https://kidstoys.gr/product/pediki-valitsa-taxidiou-kabinas-trolef-penguin-purple-kids-luggage-mkl-pp-05/,ΠΑΙΔΙΚΕΣ ΒΑΛΙΤΣΕΣ,0,new,https://kidstoys.gr/wp-content/uploads/sites/7/2020/08/leoko-mov1.jpeg,Homeone,69.9,119.90,20,"Ταξιδεύοντας με τα παιδιά μπορεί να είναι δύσκολη η μετακίνηση.
Αλλά με τη σωστή βαλίτσα , όλα κινούνται πιο εύκολα.
Εκτός από τη μεγάλη χωρητικότητα αποθήκευσης, οι αποσκευές μπορούν να τραβηχτούν ή να οδηγηθούν από παιδιά υπό την επίβλεψη ενηλίκου μέσω του αεροδρομίου, του τρένου ή του τερματικού σταθμού πορθμείων για μεταφορά χωρίς άγχος.
Μόλις το σήμα ζώνης ασφαλείας είναι απενεργοποιημένο, το MuuHoo θα μπορούσε να μετατραπεί από μια βαλίτσα σε ένα κρεβάτι με απλά βήματα.
Λειτουργία Ride-on κατάλληλη για παιδιά άνω των 3 ετών (υπό την επίβλεψη ενηλίκου).
Η δυνατότητα κρεβατιού είναι κατάλληλη για παιδιά από 0-5 ετών.
Ο αρχικός σχεδιασμός των αποσκευών αναγνωρίζεται και καταχωρείται στο Γραφείο Διανοητικής Ιδιοκτησίας της Ευρωπαϊκής Ένωσης (EUIPO).
Τα ισχυρά υλικά PP (πολυπροπυλένιο) είναι ακίνδυνα για τα παιδιά αλλά είναι φιλικά προς το περιβάλλον.
Καταγράφηκε για τον πιο ελκυστικό και καινοτόμο διορισμό προϊόντων στην CBME Shanghai Expo 2019, η οποία είναι η μεγαλύτερη εμπορική έκθεση στον κόσμο για προϊόντα παιδιού / μωρού / μητρότητας.
Το αξιολάτρευτο MuuHoo Children Travel Luggage, ο καλύτερος σύντροφος ταξιδιού για παιδιά, θα υπόσχεται μια άνετη και ενδιαφέρουσα εμπειρία για τα παιδιά και ένα ταξίδι χωρίς προβλήματα για τους γονείς.
Χαρακτηριστικά
Μέγιστο φορτίο έως 60 κιλά
Πρακτικό πλαϊνό άνοιγμα για να βάζετε ή να βγάζετε αντικείμενα με άνεση
Εσωτερική ζώνη συμπίεσης για να διατηρείται οργανωμένη
Περιλαμβάνεται ασφαλές και άοσμο βαμβακερό υπνόσακο
Περιλαμβάνεται ρυθμιζόμενος ιμάντας πολλαπλών λειτουργιών
Ρυθμιζόμενο καπάκι και γρανάζια για αεροσκάφη, τρένο, καθιστικό ως υπνόσακο
Καθολικός εμπρός τροχός με κλειδαριά. Μονόδρομος πίσω τροχός
Υλικό: Πολυπροπυλένιο
Διαστάσεις (Συνολικά): 51 x 20 x 45cm (Π x Υ x Β)
Όγκος: 20 λίτρα
Βάρος: 2,5 κιλά
",in stock
6858,MKL-PB-04,Παιδική Βαλίτσα Ταξιδιου Καμπίνας τρόλευ Penguin Blue Kids Luggage MKL-PB-04,https://kidstoys.gr/product/pediki-valitsa-taxidiou-kabinas-trolef-penguin-blue-kids-luggage/,ΠΑΙΔΙΚΕΣ ΒΑΛΙΤΣΕΣ,0,new,https://kidstoys.gr/wp-content/uploads/sites/7/2020/08/leuko-mple1.jpeg,Homeone,69.9,119.90,20,"Ταξιδεύοντας με τα παιδιά μπορεί να είναι δύσκολη η μετακίνηση.
Αλλά με τη σωστή βαλίτσα , όλα κινούνται πιο εύκολα.
Εκτός από τη μεγάλη χωρητικότητα αποθήκευσης, οι αποσκευές μπορούν να τραβηχτούν ή να οδηγηθούν από παιδιά υπό την επίβλεψη ενηλίκου μέσω του αεροδρομίου, του τρένου ή του τερματικού σταθμού πορθμείων για μεταφορά χωρίς άγχος.
Μόλις το σήμα ζώνης ασφαλείας είναι απενεργοποιημένο, το MuuHoo θα μπορούσε να μετατραπεί από μια βαλίτσα σε ένα κρεβάτι με απλά βήματα.
Λειτουργία Ride-on κατάλληλη για παιδιά άνω των 3 ετών (υπό την επίβλεψη ενηλίκου).
Η δυνατότητα κρεβατιού είναι κατάλληλη για παιδιά από 0-5 ετών.
Ο αρχικός σχεδιασμός των αποσκευών αναγνωρίζεται και καταχωρείται στο Γραφείο Διανοητικής Ιδιοκτησίας της Ευρωπαϊκής Ένωσης (EUIPO).
Τα ισχυρά υλικά PP (πολυπροπυλένιο) είναι ακίνδυνα για τα παιδιά αλλά είναι φιλικά προς το περιβάλλον.
Καταγράφηκε για τον πιο ελκυστικό και καινοτόμο διορισμό προϊόντων στην CBME Shanghai Expo 2019, η οποία είναι η μεγαλύτερη εμπορική έκθεση στον κόσμο για προϊόντα παιδιού / μωρού / μητρότητας.
Το αξιολάτρευτο MuuHoo Children Travel Luggage, ο καλύτερος σύντροφος ταξιδιού για παιδιά, θα υπόσχεται μια άνετη και ενδιαφέρουσα εμπειρία για τα παιδιά και ένα ταξίδι χωρίς προβλήματα για τους γονείς.
Χαρακτηριστικά
Μέγιστο φορτίο έως 60 κιλά
Πρακτικό πλαϊνό άνοιγμα για να βάζετε ή να βγάζετε αντικείμενα με άνεση
Εσωτερική ζώνη συμπίεσης για να διατηρείται οργανωμένη
Περιλαμβάνεται ασφαλές και άοσμο βαμβακερό υπνόσακο
Περιλαμβάνεται ρυθμιζόμενος ιμάντας πολλαπλών λειτουργιών
Ρυθμιζόμενο καπάκι και γρανάζια για αεροσκάφη, τρένο, καθιστικό ως υπνόσακο
Καθολικός εμπρός τροχός με κλειδαριά. Μονόδρομος πίσω τροχός
Υλικό: Πολυπροπυλένιο
Διαστάσεις (Συνολικά): 51 x 20 x 45cm (Π x Υ x Β)
Όγκος: 20 λίτρα
Βάρος: 2,5 κιλά
",in stock
6856,MKL-P-03,Παιδική Βαλίτσα Ταξιδιου Καμπίνας τρόλευ Purple Muuhoo Kids Luggage MKL-P-03,https://kidstoys.gr/product/pediki-valitsa-taxidiou-kabinas-trolef-purple-muuhoo-kids-luggage-mkl-p-03/,ΠΑΙΔΙΚΕΣ ΒΑΛΙΤΣΕΣ,0,new,https://kidstoys.gr/wp-content/uploads/sites/7/2020/08/mov1.jpeg,Homeone,69.9,119.90,20,"Ταξιδεύοντας με τα παιδιά μπορεί να είναι δύσκολη η μετακίνηση.
Αλλά με τη σωστή βαλίτσα , όλα κινούνται πιο εύκολα.
Εκτός από τη μεγάλη χωρητικότητα αποθήκευσης, οι αποσκευές μπορούν να τραβηχτούν ή να οδηγηθούν από παιδιά υπό την επίβλεψη ενηλίκου μέσω του αεροδρομίου, του τρένου ή του τερματικού σταθμού πορθμείων για μεταφορά χωρίς άγχος.
Μόλις το σήμα ζώνης ασφαλείας είναι απενεργοποιημένο, το MuuHoo θα μπορούσε να μετατραπεί από μια βαλίτσα σε ένα κρεβάτι με απλά βήματα.
Λειτουργία Ride-on κατάλληλη για παιδιά άνω των 3 ετών (υπό την επίβλεψη ενηλίκου).
Η δυνατότητα κρεβατιού είναι κατάλληλη για παιδιά από 0-5 ετών.
Ο αρχικός σχεδιασμός των αποσκευών αναγνωρίζεται και καταχωρείται στο Γραφείο Διανοητικής Ιδιοκτησίας της Ευρωπαϊκής Ένωσης (EUIPO).
Τα ισχυρά υλικά PP (πολυπροπυλένιο) είναι ακίνδυνα για τα παιδιά αλλά είναι φιλικά προς το περιβάλλον.
Καταγράφηκε για τον πιο ελκυστικό και καινοτόμο διορισμό προϊόντων στην CBME Shanghai Expo 2019, η οποία είναι η μεγαλύτερη εμπορική έκθεση στον κόσμο για προϊόντα παιδιού / μωρού / μητρότητας.
Το αξιολάτρευτο MuuHoo Children Travel Luggage, ο καλύτερος σύντροφος ταξιδιού για παιδιά, θα υπόσχεται μια άνετη και ενδιαφέρουσα εμπειρία για τα παιδιά και ένα ταξίδι χωρίς προβλήματα για τους γονείς.
Χαρακτηριστικά
Μέγιστο φορτίο έως 60 κιλά
Πρακτικό πλαϊνό άνοιγμα για να βάζετε ή να βγάζετε αντικείμενα με άνεση
Εσωτερική ζώνη συμπίεσης για να διατηρείται οργανωμένη
Περιλαμβάνεται ασφαλές και άοσμο βαμβακερό υπνόσακο
Περιλαμβάνεται ρυθμιζόμενος ιμάντας πολλαπλών λειτουργιών
Ρυθμιζόμενο καπάκι και γρανάζια για αεροσκάφη, τρένο, καθιστικό ως υπνόσακο
Καθολικός εμπρός τροχός με κλειδαριά. Μονόδρομος πίσω τροχός
Υλικό: Πολυπροπυλένιο
Διαστάσεις (Συνολικά): 51 x 20 x 45cm (Π x Υ x Β)
Όγκος: 20 λίτρα
Βάρος: 2,5 κιλά
",in stock
6854,MKL-BP-02,Παιδική Βαλίτσα Ταξιδιου Καμπίνας τρόλευ Baby Pink Muuhoo Kids Luggage MKL-BP-02,https://kidstoys.gr/product/pediki-valitsa-taxidiou-kabinas-trolef-baby-pink-muuhoo-kids-luggage-mkl-bp-02/,ΠΑΙΔΙΚΕΣ ΒΑΛΙΤΣΕΣ,0,new,https://kidstoys.gr/wp-content/uploads/sites/7/2020/08/roz1.jpeg,Homeone,69.9,119.90,20,"Ταξιδεύοντας με τα παιδιά μπορεί να είναι δύσκολη η μετακίνηση.
Αλλά με τη σωστή βαλίτσα , όλα κινούνται πιο εύκολα.
Εκτός από τη μεγάλη χωρητικότητα αποθήκευσης, οι αποσκευές μπορούν να τραβηχτούν ή να οδηγηθούν από παιδιά υπό την επίβλεψη ενηλίκου μέσω του αεροδρομίου, του τρένου ή του τερματικού σταθμού πορθμείων για μεταφορά χωρίς άγχος.
Μόλις το σήμα ζώνης ασφαλείας είναι απενεργοποιημένο, το MuuHoo θα μπορούσε να μετατραπεί από μια βαλίτσα σε ένα κρεβάτι με απλά βήματα.
Λειτουργία Ride-on κατάλληλη για παιδιά άνω των 3 ετών (υπό την επίβλεψη ενηλίκου).
Η δυνατότητα κρεβατιού είναι κατάλληλη για παιδιά από 0-5 ετών.
Ο αρχικός σχεδιασμός των αποσκευών αναγνωρίζεται και καταχωρείται στο Γραφείο Διανοητικής Ιδιοκτησίας της Ευρωπαϊκής Ένωσης (EUIPO).
Τα ισχυρά υλικά PP (πολυπροπυλένιο) είναι ακίνδυνα για τα παιδιά αλλά είναι φιλικά προς το περιβάλλον.
Καταγράφηκε για τον πιο ελκυστικό και καινοτόμο διορισμό προϊόντων στην CBME Shanghai Expo 2019, η οποία είναι η μεγαλύτερη εμπορική έκθεση στον κόσμο για προϊόντα παιδιού / μωρού / μητρότητας.
Το αξιολάτρευτο MuuHoo Children Travel Luggage, ο καλύτερος σύντροφος ταξιδιού για παιδιά, θα υπόσχεται μια άνετη και ενδιαφέρουσα εμπειρία για τα παιδιά και ένα ταξίδι χωρίς προβλήματα για τους γονείς.
Χαρακτηριστικά
Μέγιστο φορτίο έως 60 κιλά
Πρακτικό πλαϊνό άνοιγμα για να βάζετε ή να βγάζετε αντικείμενα με άνεση
Εσωτερική ζώνη συμπίεσης για να διατηρείται οργανωμένη
Περιλαμβάνεται ασφαλές και άοσμο βαμβακερό υπνόσακο
Περιλαμβάνεται ρυθμιζόμενος ιμάντας πολλαπλών λειτουργιών
Ρυθμιζόμενο καπάκι και γρανάζια για αεροσκάφη, τρένο, καθιστικό ως υπνόσακο
Καθολικός εμπρός τροχός με κλειδαριά. Μονόδρομος πίσω τροχός
Υλικό: Πολυπροπυλένιο
Διαστάσεις (Συνολικά): 51 x 20 x 45cm (Π x Υ x Β)
Όγκος: 20 λίτρα
Βάρος: 2,5 κιλά
",in stock
6848,MKL-SB-01,Παιδική Βαλίτσα Ταξιδιου Καμπίνας τρόλευ Sky Blue Muuhoo Kids Luggage MKL-SB-01,https://kidstoys.gr/product/vrefika-pedika-pedikes-valitses-pediki-valitsa-taxidiou-kabinas-trolef-sky-blue-muuhoo-kids-luggage-mkl-sb-01/,ΠΑΙΔΙΚΕΣ ΒΑΛΙΤΣΕΣ,0,new,https://kidstoys.gr/wp-content/uploads/sites/7/2020/08/galazia1.jpeg,Homeone,69.9,119.90,20,"Ταξιδεύοντας με τα παιδιά μπορεί να είναι δύσκολη η μετακίνηση.
Αλλά με τη σωστή βαλίτσα , όλα κινούνται πιο εύκολα.
Εκτός από τη μεγάλη χωρητικότητα αποθήκευσης, οι αποσκευές μπορούν να τραβηχτούν ή να οδηγηθούν από παιδιά υπό την επίβλεψη ενηλίκου μέσω του αεροδρομίου, του τρένου ή του τερματικού σταθμού πορθμείων για μεταφορά χωρίς άγχος.
Μόλις το σήμα ζώνης ασφαλείας είναι απενεργοποιημένο, το MuuHoo θα μπορούσε να μετατραπεί από μια βαλίτσα σε ένα κρεβάτι με απλά βήματα.
Λειτουργία Ride-on κατάλληλη για παιδιά άνω των 3 ετών (υπό την επίβλεψη ενηλίκου).
Η δυνατότητα κρεβατιού είναι κατάλληλη για παιδιά από 0-5 ετών.
Ο αρχικός σχεδιασμός των αποσκευών αναγνωρίζεται και καταχωρείται στο Γραφείο Διανοητικής Ιδιοκτησίας της Ευρωπαϊκής Ένωσης (EUIPO).
Τα ισχυρά υλικά PP (πολυπροπυλένιο) είναι ακίνδυνα για τα παιδιά αλλά είναι φιλικά προς το περιβάλλον.
Καταγράφηκε για τον πιο ελκυστικό και καινοτόμο διορισμό προϊόντων στην CBME Shanghai Expo 2019, η οποία είναι η μεγαλύτερη εμπορική έκθεση στον κόσμο για προϊόντα παιδιού / μωρού / μητρότητας.
Το αξιολάτρευτο MuuHoo Children Travel Luggage, ο καλύτερος σύντροφος ταξιδιού για παιδιά, θα υπόσχεται μια άνετη και ενδιαφέρουσα εμπειρία για τα παιδιά και ένα ταξίδι χωρίς προβλήματα για τους γονείς.
Χαρακτηριστικά
Μέγιστο φορτίο έως 60 κιλά
Πρακτικό πλαϊνό άνοιγμα για να βάζετε ή να βγάζετε αντικείμενα με άνεση
Εσωτερική ζώνη συμπίεσης για να διατηρείται οργανωμένη
Περιλαμβάνεται ασφαλές και άοσμο βαμβακερό υπνόσακο
Περιλαμβάνεται ρυθμιζόμενος ιμάντας πολλαπλών λειτουργιών
Ρυθμιζόμενο καπάκι και γρανάζια για αεροσκάφη, τρένο, καθιστικό ως υπνόσακο
Καθολικός εμπρός τροχός με κλειδαριά. Μονόδρομος πίσω τροχός
Υλικό: Πολυπροπυλένιο
Διαστάσεις (Συνολικά): 51 x 20 x 45cm (Π x Υ x Β)
Όγκος: 20 λίτρα
Βάρος: 2,5 κιλά
",in stock
5348,L-QC05-P,Φουσκωτή Μπαλοπισίνα Φούξια 1.3m L-QC05-P,https://kidstoys.gr/product/fouskoti-balopisina-fouxia-1-3m-l-qc05-p/,ΜΠΑΛΟΠΙΣΙΝΕΣ,29,new,https://kidstoys.gr/wp-content/uploads/sites/7/2020/07/L-QC05-P.jpg,Kidstoys,24.90,79.80,20,"Φουσκωτή Μπαλοπισίνα διαμέτρου 1.3m σε ομορφο φούξιο χρώμα για ατέλειωτο παιχνίδι.
Χαρακτηριστικά:

Διάμετρος Μπάλας: 6 cm
Διάμετρος Πισίνας: 1.3m
Υλικό: Πλαστικό
Ηλικία : 3+

* Οι φωτογραφίες είναι ενδεικτικές
",in stock
4875,car-assembly,Συναρμολόγηση Ηλεκτρικού Αυτοκινήτου,https://kidstoys.gr/product/synarmologisi-ilektrikou-aftokinitou/,ΧΩΡΙΣ ΚΑΤΗΓΟΡΙΑ,0,new,https://kidstoys.gr/wp-content/uploads/sites/7/2020/07/meh.jpg,Homeone,19.90,19.90,,"Άφηστε την συναρμολόγηση του αυτοκινήτου σας στα χέρια των έμπειρων τεχνικών της KidsToys και ξενοιάστε!
Προσοχή:
Για αγορές με συναρμολόγηση του ηλεκτρικού αυτοκινήτου δεν υποστηρίζεται η μέθοδος της αντικαταβολής!
Η πληρωμή θα πρέπει να γίνει μέσω κάρτας ή μέσω κατάθεσης στον τραπεζικό μας λογαριασμό!
",in stock
4536,HL-2588-BLAMG,Παιδικό Αυτοκινητάκι Ηλεκτροκίνητο Licensed Mercedes-Benz AMG GT Μαύρο 12V HL-2588-BLAMG,https://kidstoys.gr/product/pediko-aftokinitaki-ilektrokinito-licensed-mercedes-benz-amg-gt-mavro-12v/,ΠΑΙΔΙΚΑ ΗΛΕΚΤΡΟΚΙΝΗΤΑ,43,new,https://kidstoys.gr/wp-content/uploads/sites/7/2020/06/HL-2588-BLAMG-d.jpg,Kidstoys,124.4,229.9,7,"Ηλεκτροκίνητο Mercedes-Benz AMG GT Μαύρο 12V
Στην συσκευασία περιλαμβάνεται μπαταρία 12V 4Ah και φορτιστής.
Διαθέτει υποδοχή MP3, τιμόνι πολλαπλών λειτουργιών με εφέ μουσικής και τηλεχειριστήριο.
  ΧΑΡΑΚΤΗΡΙΣΤΙΚΑ

Χειρισμός με ηλεκτρικό πεντάλ Κίνησης ή Τηλεχειριστήριο 2.4G Νέας Γενιάς
Τιμόνι πολλαπλών λειτουργιών με εφέ μουσικής
Διαθέτει θύρα για MP3
Οι πόρτες ανοίγουν
Διαθέτει ζώνη ασφαλείας
Δύο κινητήρες: 20W*2
Μπαταρία 12V 4A
Κατάλληλο για παιδιά ηλικίας από 1,5 έως 5 ετών.
Μέγιστο βάρος 35kg
Διαστάσεις αυτοκινήτου: 108.2*67.4*44.8cm

",in stock
4535,HL-2588-YE,Παιδικό Αυτοκινητάκι Ηλεκτροκίνητο Licensed Mercedes-Benz AMG GT Κίτρινο 12V,https://kidstoys.gr/product/pediko-aftokinitaki-ilektrokinito-licensed-mercedes-benz-amg-gt-kitrino-12v/,ΠΑΙΔΙΚΑ ΗΛΕΚΤΡΟΚΙΝΗΤΑ,43,new,https://kidstoys.gr/wp-content/uploads/sites/7/2020/06/y2.jpg,Kidstoys,124.4,229.9,10,"





Ηλεκτροκίνητο Mercedes-Benz AMG GT Κίτρινο 12V
Στην συσκευασία περιλαμβάνεται μπαταρία 12V 4Ah και φορτιστής.
Διαθέτει υποδοχή MP3, τιμόνι πολλαπλών λειτουργιών με εφέ μουσικής και τηλεχειριστήριο.
  ΧΑΡΑΚΤΗΡΙΣΤΙΚΑ

Χειρισμός με ηλεκτρικό πεντάλ Κίνησης ή Τηλεχειριστήριο 2.4G Νέας Γενιάς
Τιμόνι πολλαπλών λειτουργιών με εφέ μουσικής
Διαθέτει θύρα για MP3
Οι πόρτες ανοίγουν
Διαθέτει ζώνη ασφαλείας
Δύο κινητήρες: 20W*2
Μπαταρία 12V 4A
Κατάλληλο για παιδιά ηλικίας από 1,5 έως 5 ετών.
Μέγιστο βάρος 35kg
Διαστάσεις αυτοκινήτου: 108.2*67.4*44.8cm

",in stock
3123,BBR8-PI,Παιδικό Ηλεκτροκίνητο Αυτοκίνητο Licensed Audi R8 Spyder 12V Ροζ,https://kidstoys.gr/product/ilektrokinito-pediko-aftokinito-licensed-audi-r8-spyder-12v-roz/,ΠΑΙΔΙΚΑ ΗΛΕΚΤΡΟΚΙΝΗΤΑ,43,new,https://kidstoys.gr/wp-content/uploads/sites/7/2020/06/r8-pink-10-1500x1500.jpg,Kidstoys,138.6,138.6,8,"




Ηλεκτροκίνητο Παιδικό Αυτοκίνητο Licensed Audi R8 Spyder 12V Ροζ
Χαρακτηριστικά

Χειρισμός με ηλεκτρικό πεντάλ Κίνησης ή Τηλεχειριστήριο 2.4G Νέας Γενιάς
Τιμόνι πολλαπλών λειτουργιών με εφέ μουσικής
Διαθέτει θύρα για MP3, USB και ρυθμιζόμενη ένταση
Οι πόρτες ανοίγουν
Διαθέτει ζώνη ασφαλείας
Δύο κινητήρες: 20W*2
Μπαταρία 12V 7A
Διαστάσεις αυτοκινήτου: 100*58.7*44.3
Κατάλληλο για παιδιά ηλικίας από 1 έως 4 ετών.
Μέγιστο βάρος 35kg






",in stock
4479,BDM-0923-WH,Παιδικό Αυτοκινητάκι Ηλεκτροκίνητο Licensed Lamborghini Urus Λευκό12V,https://kidstoys.gr/product/pediko-aftokinitaki-ilektrokinito-licensed-lamborghini-urus-lefko12v/,ΠΑΙΔΙΚΑ ΗΛΕΚΤΡΟΚΙΝΗΤΑ,43,new,https://kidstoys.gr/wp-content/uploads/sites/7/2020/06/BDM-0923-WHa.jpg,Kidstoys,169.9,234,14,"





Ηλεκτροκίνητο Lamborghini Urus Λευκό 12V
Στην συσκευασία περιλαμβάνεται μπαταρία 12V 4.5Ah και φορτιστής.
Διαθέτει υποδοχή MP3, τιμόνι πολλαπλών λειτουργιών με εφέ μουσικής και τηλεχειριστήριο.
  ΧΑΡΑΚΤΗΡΙΣΤΙΚΑ

Χειρισμός με ηλεκτρικό πεντάλ Κίνησης ή Τηλεχειριστήριο 2.4G Νέας Γενιάς
Τιμόνι πολλαπλών λειτουργιών με εφέ μουσικής
Διαθέτει MP3, TF, θύρα USB
Οι πόρτες ανοίγουν
Με ζώνη ασφαλείας
Δύο κινητήρες: 35W*2
Μπαταρία 12V 4.5A
Κατάλληλο για παιδιά ηλικίας από 1,5 έως 5 ετών.
Μέγιστο βάρος 35kg
Διαστάσεις αυτοκινήτου: 105*65*52cm
",in stock
3641,L-QC05,Φουσκωτή Μπαλοπισίνα 1.3m με 300 Πολύχρωμα Πλαστικά Μπαλάκια L-QC05,https://kidstoys.gr/product/fouskoti-balopisina-1-3m-me-300-polychroma-plastika-balakia-l-qc05/,ΜΠΑΛΟΠΙΣΙΝΕΣ,29,new,https://kidstoys.gr/wp-content/uploads/sites/7/2020/06/L-QC05.jpg,Kidstoys,34.90,79.80,46,"Φουσκωτή Μπαλοπισίνα διαμέτρου 1.3m για ατέλειωτο παιχνίδι. Η συσκευασια περιλαμβάνει και300 Πολύχρωμα Πλαστικά Μπαλάκια.
Χαρακτηριστικά:

Διάμετρος Μπάλας: 6 cm
Διάμετρος Πισίνας: 1.3m
Τεμάχια: 300 Μπαλάκια + 1 Μπαλοπισίνα
Υλικό: Πλαστικό
Ηλικία : 3+

* Οι φωτογραφίες είναι ενδεικτικές
",in stock
3638,L-HYQ02-600,Πλαστικά Μπαλάκια Πολύχρωμα 6cm για Μπαλοπισίνα 600τμχ L-HYQ02-600,https://kidstoys.gr/product/plastika-balakia-polychroma-6cm-gia-balopisina-600tmch-l-hyq02-600/,ΜΠΑΛΟΠΙΣΙΝΕΣ,29,new,https://kidstoys.gr/wp-content/uploads/sites/7/2020/06/L-HYQ02-a.jpg,Kidstoys,34.90,69.90,2,"Πλαστικά Μπαλάκια Πολύχρωμα διαμέτρου 6cm για Παιδότοπο και Μπαλοπισίνα. Διατίθενται σε συσκευασία των 600τμχ. Είναι κατάλληλα για χρήση τόσο σε εξωτερικούς όσο και σε εσωτερικούς χώρους! Ιδανικό και για παιδότοπους και παιδικούς σταθμούς.
Χαρακτηριστικά:

Διάμετρος Μπάλας: 6 cm
Τεμάχια: 600
Υλικό: Πλαστικό
Ηλικία : 1+

* Οι φωτογραφίες είναι ενδεικτικές
",in stock
3632,L-HYQ02-200,Πλαστικά Μπαλάκια Πολύχρωμα 6cm για Μπαλοπισίνα 200τμχ L-HYQ02-200,https://kidstoys.gr/product/plastika-balakia-polychroma-6cm-gia-balopisina-200tmch-l-hyq02-200/,ΜΠΑΛΟΠΙΣΙΝΕΣ,29,new,https://kidstoys.gr/wp-content/uploads/sites/7/2020/06/L-HYQ02-a.jpg,Kidstoys,11.90,28.90,6,"Πλαστικά Μπαλάκια Πολύχρωμα διαμέτρου 6cm για Παιδότοπο και Μπαλοπισίνα. Διατίθενται σε συσκευασία των 200τμχ. Είναι κατάλληλα για χρήση τόσο σε εξωτερικούς όσο και σε εσωτερικούς χώρους! Ιδανικό και για παιδότοπους και παιδικούς σταθμούς.
Χαρακτηριστικά:

Διάμετρος Μπάλας: 6 cm
Τεμάχια: 200
Υλικό: Πλαστικό
Ηλικία : 1+

* Οι φωτογραφίες είναι ενδεικτικές
",in stock
3357,HL-2588-White,Παιδικό Αυτοκινητάκι Ηλεκτροκίνητο Licensed Mercedes-Benz AMG GT Λευκό 12V,https://kidstoys.gr/product/pediko-aftokinitaki-ilektrokinito-licensed-mercedes-benz-amg-gt-lefko-12v/,ΠΑΙΔΙΚΑ ΗΛΕΚΤΡΟΚΙΝΗΤΑ,43,new,https://kidstoys.gr/wp-content/uploads/sites/7/2020/05/HL-2588-White-d.jpg,Kidstoys,124.4,229.9,1,"





Ηλεκτροκίνητο Mercedes-Benz AMG GT Λευκό 12V
Στην συσκευασία περιλαμβάνεται μπαταρία 12V 4Ah και φορτιστής.
Διαθέτει υποδοχή MP3, τιμόνι πολλαπλών λειτουργιών με εφέ μουσικής και τηλεχειριστήριο.
  ΧΑΡΑΚΤΗΡΙΣΤΙΚΑ

Χειρισμός με ηλεκτρικό πεντάλ Κίνησης ή Τηλεχειριστήριο 2.4G Νέας Γενιάς
Τιμόνι πολλαπλών λειτουργιών με εφέ μουσικής
Διαθέτει θύρα για MP3
Οι πόρτες ανοίγουν
Διαθέτει ζώνη ασφαλείας
Δύο κινητήρες: 20W*2
Μπαταρία 12V 4A
Κατάλληλο για παιδιά ηλικίας από 1,5 έως 5 ετών.
Μέγιστο βάρος 35kg
Διαστάσεις αυτοκινήτου: 108.2*67.4*44.8cm

",in stock
3356,JAN-5388-BLU,Παιδικό Αυτοκινητάκι Ηλεκτροκίνητο Licensed Jaguar F-TYPE SVR Μπλε 12V JAN-5388-BLU,https://kidstoys.gr/product/pediko-aftokinitaki-ilektrokinito-licensed-jaguar-f-type-svr-ble-12v/,ΠΑΙΔΙΚΑ ΗΛΕΚΤΡΟΚΙΝΗΤΑ,43,new,https://kidstoys.gr/wp-content/uploads/sites/7/2020/05/QLS-5388-BLUE.jpg,Kidstoys,134.70,219.9,0,"





Ηλεκτροκίνητο Licensed Jaguar F-TYPE SVR Μπλε 12V
Στην συσκευασία περιλαμβάνεται μπαταρία 12V 4.5Ah και φορτιστής.
Διαθέτει υποδοχή MP3, τιμόνι πολλαπλών λειτουργιών με εφέ μουσικής και τηλεχειριστήριο.
  ΧΑΡΑΚΤΗΡΙΣΤΙΚΑ

Χειρισμός με ηλεκτρικό πεντάλ Κίνησης ή Τηλεχειριστήριο 2.4G Νέας Γενιάς
Τιμόνι πολλαπλών λειτουργιών με εφέ μουσικής
Διαθέτει θύρα για MP3, USB και TF κάρτα
Οι πόρτες ανοίγουν
Διαθέτει ζώνη ασφαλείας, εμπρός
Δύο κινητήρες
Μπαταρίεα 12V 4.5A
Κατάλληλο για παιδιά ηλικίας από 1 έως 4 ετών.
Μέγιστο βάρος 35kg
Διαστάσεις αυτοκινήτου: 110*65*48cm
",out of stock
3354,JAN-5388-WH,Παιδικό Αυτοκινητάκι Ηλεκτροκίνητο Licensed Jaguar F-TYPE SVR Λευκό 12V JAN-5388-WH,https://kidstoys.gr/product/pediko-aftokinitaki-ilektrokinito-licensed-jaguar-f-type-svr-lefko-12v/,ΠΑΙΔΙΚΑ ΗΛΕΚΤΡΟΚΙΝΗΤΑ,43,new,https://kidstoys.gr/wp-content/uploads/sites/7/2020/05/QLS-5388-WHITE.jpg,Kidstoys,134.70,219.9,0,"





Ηλεκτροκίνητο Licensed Jaguar F-TYPE SVR Λευκό 12V
Στην συσκευασία περιλαμβάνεται μπαταρία 12V 4.5Ah και φορτιστής.
Διαθέτει υποδοχή MP3, τιμόνι πολλαπλών λειτουργιών με εφέ μουσικής και τηλεχειριστήριο.
  ΧΑΡΑΚΤΗΡΙΣΤΙΚΑ

Χειρισμός με ηλεκτρικό πεντάλ Κίνησης ή Τηλεχειριστήριο 2.4G Νέας Γενιάς
Τιμόνι πολλαπλών λειτουργιών με εφέ μουσικής
Διαθέτει θύρα για MP3, USB και TF κάρτα
Οι πόρτες ανοίγουν
Διαθέτει ζώνη ασφαλείας, εμπρός φώτα
Δύο κινητήρες
Μπαταρίεα 12V 4.5A
Κατάλληλο για παιδιά ηλικίας από 1 έως 4 ετών.
Μέγιστο βάρος 35kg
Διαστάσεις αυτοκινήτου: 110*65*48cm
",out of stock
3327,BBH-0005-Red,Παιδικό Αυτοκινητάκι Ηλεκτροκίνητο Licensed Mercedes-Benz GTR AMG Κόκκινο 12V,https://kidstoys.gr/product/pediko-aftokinitaki-ilektrokinito-licensed-mercedes-benz-gtr-amg-kokkino12v/,ΠΑΙΔΙΚΑ ΗΛΕΚΤΡΟΚΙΝΗΤΑ,43,new,https://kidstoys.gr/wp-content/uploads/sites/7/2020/05/New-Project-12.jpg,Kidstoys,124.9,287.8,19,"





Ηλεκτροκίνητο Mercedes-Benz GTR AMG Κόκκινο 12V
Στην συσκευασία περιλαμβάνεται μπαταρία 12V 4.5Ah και φορτιστής.
Διαθέτει υποδοχή MP3, τιμόνι πολλαπλών λειτουργιών με εφέ μουσικής και τηλεχειριστήριο.
  ΧΑΡΑΚΤΗΡΙΣΤΙΚΑ

Χειρισμός με ηλεκτρικό πεντάλ Κίνησης ή Τηλεχειριστήριο 2.4G Νέας Γενιάς
Τιμόνι πολλαπλών λειτουργιών με εφέ μουσικής
Διαθέτει θύρα για MP3, USB και υποδοχή SD
Οι πόρτες ανοίγουν
Διαθέτει ζώνη ασφαλείας
Με δύο κινητήρες
Μπαταρία 12V 4.5A
Κατάλληλο για παιδιά ηλικίας από 1,5 έως 5 ετών.
Μέγιστο βάρος 35kg
Διαστάσεις αυτοκινήτου: 110*67*46cm

",in stock
3317,BBH-0005-White,Παιδικό Αυτοκινητάκι Ηλεκτροκίνητο Licensed Mercedes-Benz GTR AMG Λευκό 12V,https://kidstoys.gr/product/pediko-aftokinitaki-ilektrokinito-licensed-mercedes-benz-gtr-amg-lefko-12v/,ΠΑΙΔΙΚΑ ΗΛΕΚΤΡΟΚΙΝΗΤΑ,43,new,https://kidstoys.gr/wp-content/uploads/sites/7/2020/05/New-Project-10.jpg,Kidstoys,124.9,287.8,5,"





Ηλεκτροκίνητο Mercedes-Benz GTR AMG Λευκό 12V
Στην συσκευασία περιλαμβάνεται μπαταρία 12V 4.5Ah και φορτιστής.
Διαθέτει υποδοχή MP3, τιμόνι πολλαπλών λειτουργιών με εφέ μουσικής και τηλεχειριστήριο.
  ΧΑΡΑΚΤΗΡΙΣΤΙΚΑ

Χειρισμός με ηλεκτρικό πεντάλ Κίνησης ή Τηλεχειριστήριο 2.4G Νέας Γενιάς
Τιμόνι πολλαπλών λειτουργιών με εφέ μουσικής
Διαθέτει θύρα για MP3, USB και υποδοχή SD
Οι πόρτες ανοίγουν
Διαθέτει ζώνη ασφαλείας
Με δύο κινητήρες
Μπαταρία 12V 4.5A
Κατάλληλο για παιδιά ηλικίας από 1,5 έως 5 ετών.
Μέγιστο βάρος 35kg
Διαστάσεις αυτοκινήτου: 110*67*46cm

",in stock
3310,BDM-0923-RED,Παιδικό Αυτοκινητάκι Ηλεκτροκίνητο Licensed Lamborghini Urus Κόκκινο 12V,https://kidstoys.gr/product/pediko-aftokinitaki-ilektrokinito-licensed-lamborghini-urus-kokkino-12v/,ΠΑΙΔΙΚΑ ΗΛΕΚΤΡΟΚΙΝΗΤΑ,43,new,https://kidstoys.gr/wp-content/uploads/sites/7/2020/05/BDM-0923-RED-5.jpg,Kidstoys,149.9,234,15,"





Ηλεκτροκίνητο Lamborghini Urus Λευκό 12V
Στην συσκευασία περιλαμβάνεται μπαταρία 12V 4.5Ah και φορτιστής.
Διαθέτει υποδοχή MP3, τιμόνι πολλαπλών λειτουργιών με εφέ μουσικής και τηλεχειριστήριο.
  ΧΑΡΑΚΤΗΡΙΣΤΙΚΑ

Χειρισμός με ηλεκτρικό πεντάλ Κίνησης ή Τηλεχειριστήριο 2.4G Νέας Γενιάς
Τιμόνι πολλαπλών λειτουργιών με εφέ μουσικής
Διαθέτει MP3, TF, θύρα USB
Οι πόρτες ανοίγουν
Με ζώνη ασφαλείας
Δύο κινητήρες: 35W*2
Μπαταρία 12V 4.5A
Κατάλληλο για παιδιά ηλικίας από 1,5 έως 5 ετών.
Μέγιστο βάρος 35kg
Διαστάσεις αυτοκινήτου: 105*65*52cm
",in stock
3221,AFE05-R,Πλαστική Τσουλήθρα Κάστρο με Κούνια Μπλε - Κόκκινο AFE05-R,https://kidstoys.gr/product/plastiki-tsoulithra-kastro-me-kounia-ble-kokkino-afe05-r/,ΠΑΙΔΙΚΕΣ ΧΑΡΕΣ,29,new,https://kidstoys.gr/wp-content/uploads/sites/7/2020/04/AFE05-R-a.jpg,Kidstoys,117.90,179.90,3,"Πλαστική τσουλήθρα σε σχέδιο Κάστρο με ενσωματωμένη κούνια, μπασκέτα.  Κατασκευασμένη με έμφαση στην ασφάλεια, αλλά και στη διασκέδαση. Χάρη στη διπλή λειτουργία της θα χαρίσει στο παιδί σας αμέτρητες στιγμές παιχνιδιού.
Είναι κατάλληλη και για κήπο ή άλλο εξωτερικό χώρο.
Ιδανικό παιχνίδι και για παιδότοπους και παιδικούς σταθμούς.
Χαρακτηριστικά:

Unisex
Υλικό: Πλαστικό
Διαστάσεις: 154*180*122cm

",in stock
3218,AFE05-B,Πλαστική Τσουλήθρα Κάστρο με Κούνια Μπλε - Γκρι AFE05-B,https://kidstoys.gr/product/plastiki-tsoulithra-kastro-me-kounia-ble-gkri-afe05-b/,ΠΑΙΔΙΚΕΣ ΧΑΡΕΣ,29,new,https://kidstoys.gr/wp-content/uploads/sites/7/2020/04/afe05-b-noback.jpg,Kidstoys,129,280,6,"Πλαστική τσουλήθρα σε σχέδιο Κάστρο με ενσωματωμένη κούνια.  Κατασκευασμένη με έμφαση στην ασφάλεια, αλλά και στη διασκέδαση. Χάρη στη διπλή λειτουργία της θα χαρίσει στο παιδί σας αμέτρητες στιγμές παιχνιδιού.
Είναι κατάλληλη και για κήπο ή άλλο εξωτερικό χώρο.
Ιδανικό παιχνίδι και για παιδότοπους και παιδικούς σταθμούς.
Χαρακτηριστικά:

Unisex
Υλικό: Πλαστικό
Διαστάσεις: 154*180*122cm

",in stock
3216,AFE12-P,Πλαστική Τσουλήθρα Κάστρο με Κούνια και Μπασκέτα Ροζ AFE12-P,https://kidstoys.gr/product/plastiki-tsoulithra-kastro-me-kounia-ke-basketa-roz-afe12-p/,ΠΑΙΔΙΚΕΣ ΧΑΡΕΣ,29,new,https://kidstoys.gr/wp-content/uploads/sites/7/2020/04/AFE12-P.jpg,Kidstoys,199.99,319.90,14,"Πλαστική τσουλήθρα σε σχέδιο Κάστρο με ενσωματωμένη κούνια, μπασκέτα και διχτυ για τέρμα ποδοσφαίρου. Κατασκευασμένη με έμφαση στην ασφάλεια, αλλά και στη διασκέδαση. Χάρη στις πολλές λειτουργίες της θα χαρίσει στο παιδί σας αμέτρητες στιγμές παιχνιδιού.
Είναι κατάλληλη και για κήπο ή άλλο εξωτερικό χώρο.
Ιδανικό παιχνίδι και για παιδότοπους και παιδικούς σταθμούς.
Χαρακτηριστικά:

Unisex
Υλικό: Πλαστικό
Διαστάσεις: 180 x 35 x 85 cm

",in stock
3214,AFE12-B,Πλαστική Τσουλήθρα Κάστρο με Κούνια και Μπασκέτα Μπλε AFE12-B,https://kidstoys.gr/product/plastiki-tsoulithra-kastro-me-kounia-ke-basketa-ble-afe12-b/,ΠΑΙΔΙΚΕΣ ΧΑΡΕΣ,29,new,https://kidstoys.gr/wp-content/uploads/sites/7/2020/04/afe12-b-noback.jpg,Kidstoys,179.80,319.90,13,"Πλαστική τσουλήθρα σε σχέδιο Κάστρο με ενσωματωμένη κούνια, μπασκέτα και διχτυ για τέρμα ποδοσφαίρου. Κατασκευασμένη με έμφαση στην ασφάλεια, αλλά και στη διασκέδαση. Χάρη στις πολλές λειτουργίες της θα χαρίσει στο παιδί σας αμέτρητες στιγμές παιχνιδιού.
Είναι κατάλληλη και για κήπο ή άλλο εξωτερικό χώρο.
Ιδανικό παιχνίδι και για παιδότοπους και παιδικούς σταθμούς.
Χαρακτηριστικά:

Unisex
Υλικό: Πλαστικό
Διαστάσεις: 180 x 35 x 85 cm

",in stock
3203,ATM01-R,Πλαστική Μπασκέτα Ultraman με Τέρμα Ποδοσφαίρου Κόκκινο ATM01-R,https://kidstoys.gr/product/plastiki-basketa-ultraman-me-terma-podosferou-kokkino-atm01-r/,ΠΑΙΔΙΚΕΣ ΜΠΑΣΚΕΤΕΣ,29,new,https://kidstoys.gr/wp-content/uploads/sites/7/2020/04/ATM01-G-aa.jpg,Kidstoys,29.90,69.00,2,"Πλαστική Μπασκέτα σε σχέδιο Ultraman με Δίχτυ για Μπάσκετ και τέρμα ποδοσφαίρου με δίχτυ. Διαθέτει ρυθμιζόμενο ύψος στην μπασκέτα, ώστε να μπορούν να παίξουν παιδιά όλων των ηλικιών.
Κατασκευασμένη με έμφαση στην ασφάλεια, αλλά και στη διασκέδαση θα χαρίσει στο παιδί σας αμέτρητες στιγμές παιχνιδιού.
Είναι κατάλληλη για κήπο ή άλλο εξωτερικό χώρο.
Ιδανικό παιχνίδι και για παιδότοπους και παιδικούς σταθμούς.
Χαρακτηριστικά:

Unisex
Υλικό: Πλαστικό
Ηλικία : 1+
Διαστάσεις: 56 x 125 cm

",in stock
3197,L-YD01-B,Πλαστική Μπασκέτα Συννεφάκι με Τέρμα Ποδοσφαίρου Μπλε L-YD01-B,https://kidstoys.gr/product/plastiki-basketa-synnefaki-me-terma-podosferou-ble-l-yd01-b/,ΠΑΙΔΙΚΕΣ ΜΠΑΣΚΕΤΕΣ,29,new,https://kidstoys.gr/wp-content/uploads/sites/7/2020/04/L-YD01-B-a.jpg,Kidstoys,29.90,69,1,"Πλαστική Μπασκέτα σε σχέδιο Συννεφάκι με Δίχτυ για Μπάσκετ, τέρμα ποδοσφαίρου με δίχτυ και γάντζο για παιχνίδια ευστοχίας με ρίψη στεφανιών. Διαθέτει ρυθμιζόμενο ύψος στην μπασκέτα, ώστε να μπορούν να παίξουν παιδιά όλων των ηλικιών.
Κατασκευασμένη με έμφαση στην ασφάλεια, αλλά και στη διασκέδαση θα χαρίσει στο παιδί σας αμέτρητες στιγμές παιχνιδιού.
Είναι κατάλληλη για κήπο ή άλλο εξωτερικό χώρο.
Ιδανικό παιχνίδι και για παιδότοπους και παιδικούς σταθμούς.
Χαρακτηριστικά:

Unisex
Υλικό: Πλαστικό
Ηλικία : 1+
Ύψος: 81-120 cm

",in stock
3189,AFE01-GP,Πλαστική Τσουλήθρα Παιδική Γκρι - Ροζ AFE01-GP,https://kidstoys.gr/product/plastiki-tsoulithra-pediki-gkri-roz-afe01-gp/,ΠΑΙΧΝΙΔΙΑ ΕΞ. ΧΩΡΟΥ,29,new,https://kidstoys.gr/wp-content/uploads/sites/7/2020/04/AFE01-GP-a1-1.jpg,Kidstoys,54.70,99.90,1,"Πλαστική τσουλήθρα για παιδιά σε ροζ – γκρι χρώμα. Κατασκευασμένη με έμφαση στην ασφάλεια, αλλά και στη διασκέδαση θα χαρίσει στο παιδί σας αμέτρητες στιγμές παιχνιδιού.
Είναι κατάλληλη για κήπο ή άλλο εξωτερικό χώρο.
Ιδανικό παιχνίδι και για παιδότοπους και παιδικούς σταθμούς.
Χαρακτηριστικά:

Unisex
Υλικό: Πλαστικό
Διαστάσεις: 180 x 35 x 85 cm

",in stock
3185,AFE01-GB,Πλαστική Τσουλήθρα Παιδική Γκρι - Μπλε AFE01-GB,https://kidstoys.gr/product/plastiki-tsoulithra-pediki-gkri-ble-afe01-gb/,ΠΑΙΧΝΙΔΙΑ ΕΞ. ΧΩΡΟΥ,29,new,https://kidstoys.gr/wp-content/uploads/sites/7/2020/04/AFE01-GB-1a1-.jpg,Kidstoys,54.70,99.90,0,"Πλαστική τσουλήθρα για παιδιά σε μπλε – γκρι χρώμα. Κατασκευασμένη με έμφαση στην ασφάλεια, αλλά και στη διασκέδαση θα χαρίσει στο παιδί σας αμέτρητες στιγμές παιχνιδιού.
Είναι κατάλληλη για κήπο ή άλλο εξωτερικό χώρο.
Ιδανικό παιχνίδι και για παιδότοπους και παιδικούς σταθμούς.
Χαρακτηριστικά:

Unisex
Υλικό: Πλαστικό
Διαστάσεις: 180 x 35 x 85 cm

",out of stock
3182,L-XS01-PG,Πλαστική Τσουλήθρα Παιδική Ροζ - Γκρι L-XS01-PG,https://kidstoys.gr/product/plastiki-tsoulithra-pediki-roz-gkri-l-xs01-pg/,ΠΑΙΧΝΙΔΙΑ ΕΞ. ΧΩΡΟΥ,29,new,https://kidstoys.gr/wp-content/uploads/sites/7/2020/04/F50A8668-a.jpg,Kidstoys,24.90,79.90,2,"Πλαστική τσουλήθρα για παιδιά σε ροζ - γκρι χρώμα. Κατασκευασμένη με έμφαση στην ασφάλεια, αλλά και στη διασκέδαση θα χαρίσει στο παιδί σας αμέτρητες στιγμές παιχνιδιού.
Είναι κατάλληλη για κήπο ή άλλο εξωτερικό χώρο.
Ιδανικό παιχνίδι και για παιδότοπους και παιδικούς σταθμούς.
Χαρακτηριστικά:

Unisex
Υλικό: Πλαστικό
Διαστάσεις: 116.5*30*50.5 cm

",in stock
3179,L-XS01-BG,Πλαστική Τσουλήθρα Παιδική Μπλε - Γκρι L-XS01-BG,https://kidstoys.gr/product/plastiki-tsoulithra-pediki-ble-gkri-l-xs01-bg/,ΠΑΙΧΝΙΔΙΑ ΕΞ. ΧΩΡΟΥ,29,new,https://kidstoys.gr/wp-content/uploads/sites/7/2020/04/F50A8669-a.jpg,Kidstoys,24.90,79.90,0,"Πλαστική τσουλήθρα για παιδιά σε γκρι - μπλε χρώμα. Κατασκευασμένη με έμφαση στην ασφάλεια, αλλά και στη διασκέδαση θα χαρίσει στο παιδί σας αμέτρητες στιγμές παιχνιδιού.
Είναι κατάλληλη για κήπο ή άλλο εξωτερικό χώρο.
Ιδανικό παιχνίδι και για παιδότοπους και παιδικούς σταθμούς.
Χαρακτηριστικά:

Διαστάσεις: 116.5*30*50.5 cm
Unisex
Υλικό: Πλαστικό

",out of stock
3176,HT0363,Πλαστική Τσουλήθρα Παιδική Πράσινη - Πορτοκαλί HT0363,https://kidstoys.gr/product/plastiki-tsoulithra-pediki-ble-portokali-ht0363/,ΠΑΙΔΙΚΕΣ ΤΣΟΥΛΗΘΡΕΣ,29,new,https://kidstoys.gr/wp-content/uploads/sites/7/2020/04/HT0363-a.jpg,Kidstoys,24.90,64.90,6,"Πλαστική τσουλήθρα για παιδιά σε μπλε - πορτοκαλί χρώμα. Κατασκευασμένη με έμφαση στην ασφάλεια, αλλά και στη διασκέδαση θα χαρίσει στο παιδί σας αμέτρητες στιγμές παιχνιδιού.
Είναι κατάλληλη για κήπο ή άλλο εξωτερικό χώρο.
Ιδανικό παιχνίδι και για παιδότοπους και παιδικούς σταθμούς.
Χαρακτηριστικά:

Διαστάσεις: 110*84*70  cm
Υλικό: Πλαστικό
Ηλικία : 2+
Unisex

",in stock
3157,VTRB,Ποδήλατο Mountain Hardtail 26&quot; Vision Tiger Red Black VTRB,https://kidstoys.gr/product/podilato-mountain-hardtail-26-vision-tiger-red-black-vtrb/,ΠΟΔΗΛΑΤΑ ΒΟΥΝΟΥ,86,new,https://kidstoys.gr/wp-content/uploads/sites/7/2020/04/VISION-TIGER-RED-BLACK.png,Kidstoys,99.90,169.90,2,"Ποδήλατο Mountain Bike 26″  Vision Kings
Σε  μοντέρνα σχέδια
Με εμπρόσθια ανάρτηση Hardtail
Ιδανικό για βόλτες τόσο μέσα στην πόλη όσο και στο βουνό
Εξοπλισμένο με σύστημα ταχυτήτων και V-Brakes
Εργονομική σέλα
Ανακλαστήρες στις ρόδες
*Παράδοση σε 4-10 εργάσιμες
Το ποδήλατο αποστέλλεται 85% συναρμολογημένο για λόγους μεταφοράς. Θα χρειαστεί να τοποθετήσετε τη σέλα, πετάλ και το τιμόνι στο λαιμό.
",in stock
3156,VTBB,Ποδήλατο Mountain Hardtail 26&quot; Vision Tiger Blue Black VTBB,https://kidstoys.gr/product/podilato-mountain-hardtail-26-vision-tiger-blue-black-vtbb/,ΠΟΔΗΛΑΤΑ ΒΟΥΝΟΥ,86,new,https://kidstoys.gr/wp-content/uploads/sites/7/2020/04/VISION-TIGER-BLUE-BLACK.png,Kidstoys,99.90,169.90,3,"Ποδήλατο Mountain Bike 26″  Vision Kings
Σε μοντέρνα σχέδια
Με εμπρόσθια ανάρτηση Hardtail
Ιδανικό για βόλτες τόσο μέσα στην πόλη όσο και στο βουνό
Εξοπλισμένο με σύστημα ταχυτήτων και V-Brakes
Εργονομική σέλα
Ανακλαστήρες στις ρόδες
*Παράδοση σε 4-10 εργάσιμες
Το ποδήλατο αποστέλλεται 85% συναρμολογημένο για λόγους μεταφοράς. Θα χρειαστεί να τοποθετήσετε τη σέλα, πετάλ και το τιμόνι στο λαιμό.
",in stock
3153,VTGB,Ποδήλατο Mountain Hardtail 26&quot; Vision Tiger Green Black VTGB,https://kidstoys.gr/product/podilato-mountain-hardtail-26-vision-tiger-green-black-vtgb/,ΠΟΔΗΛΑΤΑ ΒΟΥΝΟΥ,86,new,https://kidstoys.gr/wp-content/uploads/sites/7/2020/04/VISION-TIGER-GREEN-BLACK.png,Kidstoys,99.90,169.90,1,"Ποδήλατο Mountain Bike 26″  Vision Kings
Σε  μοντέρνα σχέδια
Με εμπρόσθια ανάρτηση Hardtail
Ιδανικό για βόλτες τόσο μέσα στην πόλη όσο και στο βουνό
Εξοπλισμένο με συστημα ταχυτήτων και V-Brakes
Εργονομική σέλα
Ανακλαστήρες στις ρόδες
*Παράδοση σε 4-10 εργάσιμες
Το ποδήλατο αποστέλλεται 85% συναρμολογημένο για λόγους μεταφοράς. Θα χρειαστεί να τοποθετήσετε τη σέλα, πετάλ και το τιμόνι στο λαιμό.
",in stock
3141,VSBG,Ποδήλατο Mountain 26&quot; Vision Steel Green Black VSBG,https://kidstoys.gr/product/podilato-mountain-26-vision-steel-green-black-vsbg/,ΠΟΔΗΛΑΤΑ ΒΟΥΝΟΥ,86,new,https://kidstoys.gr/wp-content/uploads/sites/7/2020/04/VISION-STEEL-BLACK-GREEN.png,Kidstoys,109.90,169.90,0,"Ποδήλατο Mountain Bike 26"" Vision Steel
Σε μοντέρνα σχέδια
Ιδανικό για βόλτες τόσο μέσα στην πόλη όσο και στην εξοχή
Εξοπλισμένο με συστημα ταχυτήτων και V-Brakes
*Παράδοση σε 4-10 εργάσιμες
Το ποδήλατο αποστέλλεται 85% συναρμολογημένο για λόγους μεταφοράς. Θα χρειαστεί να τοποθετήσετε τη σέλα, πετάλ και το τιμόνι στο λαιμό.
",out of stock
3136,VSWB,Ποδήλατο Mountain 26&quot; Vision Steel White Blue VSWB,https://kidstoys.gr/product/podilato-mountain-26-vision-steel-white-blue-vswb/,ΠΟΔΗΛΑΤΑ ΒΟΥΝΟΥ,86,new,https://kidstoys.gr/wp-content/uploads/sites/7/2020/04/VISION-STEEL-white-blue.png,Kidstoys,109.90,169.90,1,"Ποδήλατο Mountain Bike 26"" Vision Steel
Σε  μοντέρνα σχέδια
Ιδανικό για βόλτες τόσο μέσα στην πόλη όσο και στην εξοχή
Εξοπλισμένο με συστημα ταχυτήτων και V-Brakes
*Παράδοση σε 4-10 εργάσιμες
Το ποδήλατο αποστέλλεται 85% συναρμολογημένο για λόγους μεταφοράς. Θα χρειαστεί να τοποθετήσετε τη σέλα, πετάλ και το τιμόνι στο λαιμό.
",in stock
3131,BBR8-RE,Ηλεκτροκίνητο Παιδικό Αυτοκίνητο Licensed Audi R8 Spyder 12V Κόκκινο,https://kidstoys.gr/product/ilektrokinito-pediko-aftokinito-licensed-audi-r8-spyder-12v-kokkino/,ΠΑΙΔΙΚΑ ΗΛΕΚΤΡΟΚΙΝΗΤΑ,43,new,https://kidstoys.gr/wp-content/uploads/sites/7/2020/04/BBR8-RE-a.jpg,Kidstoys,129.8,138.6,3,"





Ηλεκτροκίνητο Παιδικό Αυτοκίνητο Licensed Audi R8 Spyder 12V Κόκκινο
Χαρακτηριστικά

Χειρισμός με ηλεκτρικό πεντάλ Κίνησης ή Τηλεχειριστήριο 2.4G Νέας Γενιάς
Τιμόνι πολλαπλών λειτουργιών με εφέ μουσικής
Διαθέτει θύρα για MP3, USB και ρυθμιζόμενη ένταση
Οι πόρτες ανοίγουν
Διαθέτει ζώνη ασφαλείας
Δύο κινητήρες: 20W*2
Μπαταρία 12V 7A
Διαστάσεις αυτοκινήτου: 100*58.7*44.3
Κατάλληλο για παιδιά ηλικίας από 1 έως 4 ετών.
Μέγιστο βάρος 35kg
",in stock
3130,BBR8-YE,Ηλεκτροκίνητο Παιδικό Αυτοκίνητο Licensed Audi R8 Spyder 12V Κίτρινο,https://kidstoys.gr/product/ilektrokinito-pediko-aftokinito-licensed-audi-r8-spyder-12v-kitrino/,ΠΑΙΔΙΚΑ ΗΛΕΚΤΡΟΚΙΝΗΤΑ,43,new,https://kidstoys.gr/wp-content/uploads/sites/7/2020/04/r8-ye.jpg,Kidstoys,134.9,204.9,1,"





Ηλεκτροκίνητο Παιδικό Αυτοκίνητο Licensed Audi R8 Spyder 12V Κίτρινο
Χαρακτηριστικά

Χειρισμός με ηλεκτρικό πεντάλ Κίνησης ή Τηλεχειριστήριο 2.4G Νέας Γενιάς
Τιμόνι πολλαπλών λειτουργιών με εφέ μουσικής
Διαθέτει θύρα για MP3, USB και ρυθμιζόμενη ένταση
Οι πόρτες ανοίγουν
Διαθέτει ζώνη ασφαλείας
Δύο κινητήρες: 20W*2
Μπαταρία 12V 7A
Διαστάσεις αυτοκινήτου: 100*58.7*44.3
Κατάλληλο για παιδιά ηλικίας από 1 έως 4 ετών.
Μέγιστο βάρος 35kg
",in stock
3129,BBR8-BL,Ηλεκτροκίνητο Παιδικό Αυτοκίνητο Licensed Audi R8 Spyder 12V Μαύρο,https://kidstoys.gr/product/ilektrokinito-pediko-aftokinito-licensed-audi-r8-spyder-12v-mavro/,ΠΑΙΔΙΚΑ ΗΛΕΚΤΡΟΚΙΝΗΤΑ,43,new,https://kidstoys.gr/wp-content/uploads/sites/7/2020/04/New-Project.png,Kidstoys,129.80,129.80,12,"





Ηλεκτροκίνητο Παιδικό Αυτοκίνητο Licensed Audi R8 Spyder 12V Μαύρο
Χαρακτηριστικά

Χειρισμός με ηλεκτρικό πεντάλ Κίνησης ή Τηλεχειριστήριο 2.4G Νέας Γενιάς
Τιμόνι πολλαπλών λειτουργιών με εφέ μουσικής
Διαθέτει θύρα για MP3, USB και ρυθμιζόμενη ένταση
Οι πόρτες ανοίγουν
Διαθέτει ζώνη ασφαλείας
Δύο κινητήρες: 20W*2
Μπαταρία 12V 7A
Διαστάσεις αυτοκινήτου: 100*58.7*44.3
Κατάλληλο για παιδιά ηλικίας από 1 έως 4 ετών.
Μέγιστο βάρος 35kg

",in stock
3128,BBR8-WH,Ηλεκτροκίνητο Παιδικό Αυτοκίνητο Licensed Audi R8 Spyder 12V Λευκό,https://kidstoys.gr/product/ilektrokinito-pediko-aftokinito-licensed-audi-r8-spyder-12v-lefko/,ΠΑΙΔΙΚΑ ΗΛΕΚΤΡΟΚΙΝΗΤΑ,43,new,https://kidstoys.gr/wp-content/uploads/sites/7/2020/04/BBR8-WH-FA-1.jpg,Kidstoys,129.8,138.6,4,"





Ηλεκτροκίνητο Παιδικό Αυτοκίνητο Licensed Audi R8 Spyder 12V Λευκό
Χαρακτηριστικά

Χειρισμός με ηλεκτρικό πεντάλ Κίνησης ή Τηλεχειριστήριο 2.4G Νέας Γενιάς
Τιμόνι πολλαπλών λειτουργιών με εφέ μουσικής
Διαθέτει θύρα για MP3, USB και ρυθμιζόμενη ένταση
Οι πόρτες ανοίγουν
Διαθέτει ζώνη ασφαλείας
Δύο κινητήρες: 20W*2
Μπαταρία 12V 7A
Διαστάσεις αυτοκινήτου: 100*58.7*44.3
Κατάλληλο για παιδιά ηλικίας από 1 έως 4 ετών.
Μέγιστο βάρος 35kg
",in stock
